[
  {
    "name": "Ned Stark",
    "parents" : "Rickard Stark",
    "siblings" : ["Brandon Stark", "Lyanna Stark", "Benjen Stark"],
    "marriage" : "Catelyn Tully",
    "lovers" : "",
    "children" : ["Robb Stark", "Jon Snow", "Sansa Stark", "Arya Stark", "Bran Stark", "Rickon Stark"],
    "occupation": "Warden of the North",
    "dead": true,
    "mannerOfDeath": "Beheaded by Joffery for treason"
  },
  {
    "name": "Catelyn Stark",
    "parents" : "Hoster Tully",
    "siblings" : ["Lysa Arryn", "Edmure Tully"],
    "marriage" : "Ned Stark",
    "lovers" : "",
    "children" : ["Robb Stark", "Sansa Stark", "Arya Stark", "Bran Stark", "Rickon Stark"],
    "occupation": "Wardeness of the North",
    "dead": true,
    "mannerOfDeath": "Throat slit at red wedding"
  },
  {
    "name": "Robb Stark",
    "parents" : ["Ned Stark", "Catelyn Stark"],
    "siblings" : ["Jon Snow", "Sansa Stark", "Arya Stark", "Bran Stark", "Rickon Stark"],
    "marriage" : "Jeyne Westerling / Talisa",
    "lovers" : "",
    "children" : "",
    "occupation": ["Lord of Winterfell", "King in the North"],
    "dead": true,
    "mannerOfDeath": "Stabbed to death at the red wedding"
  },
  {
    "name": "Sansa Stark",
    "parents" : ["Ned Stark", "Catelyn Tully"],
    "siblings" : ["Robb Stark", "Jon Snow", "Arya Stark", "Bran Stark", "Rickon Stark"],
    "marriage" : ["Tyrion Lannister", "Ramsey Bolton"],
    "lovers" : "",
    "children" : "",
    "occupation": "Highborn Lady",
    "dead": false,
    "mannerOfDeath": ""
  },
  {
    "name" : "Jon Snow",
    "parents" : "Ned Stark",
    "siblings" : ["Robb Stark", "Sansa Stark", "Arya Stark", "Bran Stark", "Rickon Stark"],
    "marriage" : "",
    "lovers" : "Ygritte",
    "children" : "",
    "occupation" : "Commander of the Night's Watch",
    "dead" : true,
    "mannerOfDeath" : "Stabbed by men of the Night's Watch"
  },
  {
    "name" : "Arya Stark",
    "parents" : ["Ned Stark", "Catelyn Stark"],
    "siblings" : ["Robb Stark", "Sansa Stark", "Jon Snow", "Bran Stark", "Rickon Stark"],
    "marriage" : "",
    "lovers" : "",
    "children" : "",
    "occupation" : "Faceless man in training",
    "dead" : false,
    "mannerOfDeath" : ""
  },
  {
    "name" : "Bran Stark",
    "parents" : ["Ned Stark", "Catelyn Stark"],
    "siblings" : ["Robb Stark", "Jon Snow", "Sansa Stark", "Arya Stark", "Rickon Stark"],
    "marriage" : "",
    "lovers" : "",
    "children" : "",
    "occupation" : "Three-eyed Raven in Training",
    "dead" : false,
    "mannerOfDeath" : ""
  },
  {
    "name" : "Rickon Stark",
    "parents" : ["Ned Stark", "Catelyn Stark"],
    "siblings" : ["Robb Stark", "Jon Snow", "Sansa Stark", "Arya Stark", "Bran Stark"],
    "marriage" : "",
    "lovers" : "",
    "children" : "",
    "occupation" : "",
    "dead" : false,
    "mannerOfDeath" : ""
  },
  {
    "name" : "Robert Baratheon",
    "parents" : "",
    "siblings" : ["Stannis Baratheon", "Renly Baratheon"],
    "marriage" : "Cersei Lannister",
    "lovers" : "too many to count",
    "children" : ["Joffery Baratheon", "Myrcella Baratheon", "Tommen Baratheon", "Mya Stone", "Gendry", "Edrick Storm"],
    "occupation" : "King",
    "dead" : true,
    "mannerOfDeath" : "hunting 'accident'"
  },
  {
    "name": "Stannis Baratheon",
    "parents" : "",
    "siblings" : ["Robert Baratheon", "Renly Baratheon"],
    "marriage" : "Selyse Florent",
    "lovers" : "Melisandre",
    "children" : "Shireen Baratheon",
    "occupation" : "Rightful King of Westeros",
    "dead" : "false / true",
    "mannerOfDeath" : "killed by Brienne after a defeating battle"
  },
  {
    "name": "Renly Baratheon",
    "parents" : "",
    "siblings" : ["Robert Baratheon", "Stannis Baratheon"],
    "marriage" : "Margaery Tyrell",
    "lovers" : "Loras Tyrell",
    "children" : "",
    "occupation" : "King of Westeros",
    "dead" : true,
    "mannerOfDeath" : "killed by a shadow of Stannis"
  },
  {
    "name" : "Tywin Lannister",
    "parents" : "",
    "siblings" : "Kevin Lannister",
    "marriage" : "Joanna Lannister",
    "lovers" : "Shae",
    "children" : ["Jamie Lannister", "Cersei Lannister", "Tyrion Lannister"],
    "occupation" : ["Warden of the West", "Hand of the King"],
    "dead" : true,
    "mannerOfDeath" : "shot by son Tyrion"
  },
  {
    "name" : "Jamie Lannister",
    "parents" : ["Tywin Lannister", "Joanna Lannister"],
    "siblings" : ["Cersei Lannister", "Tyrion Lannister"],
    "marriage" : "",
    "lovers" : "Cersei Lannister",
    "children" : ["Joffery Baratheon", "Myrcella Baratheon", "Tommen Baratheon"],
    "occupation" : "Lord Commander of the Kingsguard",
    "dead" : false,
    "mannerOfDeath" : ""
  },
  {
    "name" : "Cersei Lannister",
    "parents" : ["Tywin Lannister", "Joanna Lannister"],
    "siblings" : ["Jamie Lannister", "Tyrion Lannister"],
    "marriage" : "Robert Baratheon",
    "lovers" : ["Jamie Lannister", "Lancel Lannister"],
    "children" : ["Joffery Baratheon", "Myrcella Lannister", "Tommen Baratheon"],
    "occupation" : "Queen of Westeros",
    "dead" : false,
    "mannerOfDeath" : ""
  },
  {
    "name" : "Tyrion Lannister",
    "parents" : ["Tywin Lannister", "Joanna Lannister"],
    "siblings" : ["Jamie Lannister", "Cersei Lannister"],
    "marriage" : ["Tyisha", "Sansa Stark"],
    "lovers" : "Shae",
    "children" : "",
    "dead" : false,
    "mannerOfDeath" : ""
  },
  {
    "name" : "Joffery Baratheon",
    "parents" : ["Cersei Lannister", "Jamie Lannister"],
    "siblings" : ["Myrcella Lannister", "Tommen Lannister"],
    "marriage" : "Margaery Tyrell",
    "lovers" : "",
    "children" : "",
    "occupation" : "King",
    "dead" : true,
    "mannerOfDeath" : "poisioned at his wedding feast"
  },
  {
    "name" : "Myrcella Baratheon",
    "parents" : ["Cersei Lannister", "Jamie Lannister"],
    "siblings" : ["Joffery Lannister", "Tommen Lannister"],
    "marriage" : "",
    "lovers" : "",
    "children" : "",
    "occupation" : "Princess of Westeros",
    "dead" : "true / false",
    "mannerOfDeath" : "poisioned by Ellaria Sand"
  },
  {
    "name" : "Tommen Baratheon",
    "parents" : ["Cersei Lannister", "Jamie Lannister"],
    "siblings" : ["Joffery Lannister", "Myrcella Lannister"],
    "marriage" : "Margaery Tyrell",
    "lovers" : "",
    "children" : "",
    "occupation" : "King of Westeros",
    "dead" : false,
    "mannerOfDeath" : ""
  },
  {
    "name" : "Lysa Arryn",
    "parents" : "Hoster Tully",
    "siblings" : ["Catelyn Stark", "Edmure Tully"],
    "marriage" : ["Jon Arryn", "Petyr Baelish"],
    "lovers" : "",
    "children" : "Robert Arryn",
    "occupation" : "Lady of the Veil",
    "dead" : true,
    "mannerOfDeath" : "pushed through moon door by Petyr Baelish"
  },
  {
    "name" : "Jon Arryn",
    "parents" : "",
    "siblings" : "",
    "marriage" : "Lysa Arryn",
    "lovers" : "",
    "children" : "Robert Arryn",
    "occupation" : ["Hand of the King", "Lord of the Veil"],
    "dead" : true,
    "mannerOfDeath" : "poisioned by his wife, Lysa"
  },
  {
    "name" : "Robert Arryn",
    "parents" : ["Jon Arryn", "Lysa Arryn"],
    "siblings" : "",
    "marriage" : "",
    "lovers" : "",
    "children" : "",
    "occupation" : "",
    "dead" : false,
    "mannerOfDeath" : ""
  },
  {
    "name" : "Edmure Tully",
    "parents" : "Hoster Tully",
    "siblings" : ["Catelyn Stark", "Lysa Arryn"],
    "marriage" : "Roslin Frey",
    "lovers" : "",
    "children" : "",
    "occupation" : "Lord of Riverrun",
    "dead" : false,
    "mannerOfDeath" : ""
  },
  {
    "name" : "Daenerys Targaryen",
    "parents" : "Aerys Targaryen",
    "siblings" : ["Rhaegal Targaryen", "Viserys Targaryen"],
    "marriage" :["Khal Drogo", "Hizdahr zo Loraq"],
    "lovers" : "Daario Naharis",
    "children" : "",
    "occupation" : ["Khalessi", "Mother of Dragons", "Queen of Myreen"],
    "dead" : false,
    "mannerOfDeath" : ""
  },
  {
    "name" : "Jorah Mormont",
    "parents" : "Jeor Mormont",
    "siblings" : "",
    "marriage" : "Lynesse Hightower",
    "lovers" : "",
    "children" : "",
    "occupation" : "Confidant of Daenerys Targaryen",
    "dead" : false,
    "mannerOfDeath" : ""
  },
  {
    "name" : "Samwell Tarly",
    "parents" : "Randall Tarly",
    "siblings" : "Dickon Tarly",
    "marriage" : "",
    "lovers" : "Gilly",
    "children" : "",
    "dead" : false,
    "mannerOfDeath" : ""
  },
  {
    "name" : "Margaery Tyrell",
    "parents" : "Mace Tyrell",
    "siblings" : "Loras Tyrell",
    "marriage" : ["Renly Baratheon", "Joffery Baratheon", "Tommen Baratheon"],
    "lovers" : "",
    "children" : "",
    "dead" : false,
    "mannerOfDeath" : ""
  },
  {
    "name" : "Olenna Tyrell",
    "parents" : "",
    "siblings" : "",
    "marriage" : "Luthor Tyrell",
    "lovers" : "",
    "children" : "Mace Tyrell",
    "dead" : false,
    "mannerOfDeath" : ""
  },
  {
    "name" : "Brienne of Tarth",
    "parents" : "Selwyn Tarth",
    "siblings" : "",
    "marriage" : "",
    "lovers" : "",
    "children" : "",
    "dead" : false,
    "mannerOfDeath" : ""
  },
  {
    "name" : "Maester Pycell",
    "parents" : "",
    "siblings" : "",
    "marriage" : "",
    "lovers" : "",
    "children" : "",
    "dead" : "true / false",
    "mannerOfDeath" : "Varys shoots him"
  },
  {
    "name" : "Petyr Baelish",
    "parents" : "",
    "siblings" : "",
    "marriage" : "Lysa Arryn",
    "lovers" : "",
    "children" : "",
    "dead" : false,
    "mannerOfDeath" : ""
  },
  {
    "name" : "Oberyn Martell",
    "parents" : "",
    "siblings" : ["Doran Martell", "Elia Martell"],
    "marriage" : "",
    "lovers" : "Ellaria Sand",
    "children" : ["Obara Sand", "Nymeria Sand", "Tyene Sand", "Sarella Sand", "Elia Sand", "Obella Sand", "Dorea Sand", "Loreza Sand"],
    "dead" : true,
    "mannerOfDeath" : "skull crushed by Ser Gregor Clegane in a trial by combat"
  },
  {
    "name" : "Gregor Clegane",
    "parents" : "",
    "siblings" : "Sandor Clegane",
    "marriage" : "",
    "lovers" : "",
    "children" : "",
    "dead" : false,
    "mannerOfDeath" : ""
  },
  {
    "name" : "Sandor Clegane",
    "parents" : "",
    "siblings" : "Gregor Clegane",
    "marriage" : "",
    "lovers" : "",
    "children" : "",
    "dead" : false,
    "mannerOfDeath" : ""
  }
]
