[
  [
    { "name": "Ned", "lines" : 341 },
    { "name": "Tyrion", "lines" : 222 },
    { "name": "Catelyn", "lines" : 159 },
    { "name": "Daenerys", "lines" : 151 },
    { "name": "Jon", "lines" : 149 },
    { "name": "Robert", "lines" : 117 },
    { "name": "Cersei", "lines" : 115 },
    { "name": "Littlefinger", "lines" : 115 },
    { "name": "Jorah", "lines" : 104 },
    { "name": "Arya", "lines" : 102 },
    { "name": "Robb", "lines" : 102 },
    { "name": "Sansa", "lines" : 101 },
    { "name": "Jaime", "lines" : 83 },
    { "name": "Varys", "lines" : 81 },
    { "name": "Theon", "lines" : 74 },
    { "name": "Bran", "lines" : 70 },
    { "name": "Viserys", "lines" : 70 },
    { "name": "Sam", "lines" : 64 },
    { "name": "Joffrey", "lines" : 62 },
    { "name": "Drogo", "lines" : 43 },
    { "name": "Renly", "lines" : 43 },
    { "name": "Pycelle", "lines" : 42 },
    { "name": "Luwin", "lines" : 42 },
    { "name": "Ros", "lines" : 38 },
    { "name": "Bronn", "lines" : 37 },
    { "name": "Jory", "lines" : 36 },
    { "name": "Jeor", "lines" : 36 },
    { "name": "Mordane", "lines" : 35 },
    { "name": "Tywin", "lines" : 34 },
    { "name": "Lysa", "lines" : 33 }
  ],
  [
    {"name": "Tyrion", "lines": 330 },
    {"name": "Theon", "lines": 171 },
    {"name": "Cersei", "lines": 159 },
    {"name": "Arya", "lines": 129 },
    {"name": "Daenerys", "lines": 125 },
    {"name": "Robb", "lines": 123 },
    {"name": "Catelyn", "lines": 93 },
    {"name": "Jon", "lines": 90 },
    {"name": "Davos", "lines": 89 },
    {"name": "Stannis", "lines": 88 },
    {"name": "Sansa", "lines": 86 },
    {"name": "Joffrey", "lines": 81 },
    {"name": "Littlefinger", "lines": 78 },
    {"name": "Shae", "lines": 75 },
    {"name": "Tywin", "lines": 71 },
    {"name": "Varys", "lines": 68 },
    {"name": "Ygritte", "lines": 63 },
    {"name": "Jaime", "lines": 62 },
    {"name": "Talisa", "lines": 56 },
    {"name": "Bronn", "lines": 53 },
    {"name": "Bran", "lines": 53 },
    {"name": "Jorah", "lines": 51 },
    {"name": "Brienne", "lines": 49 },
    {"name": "Sam", "lines": 47 },
    {"name": "Luwin", "lines": 45 },
    {"name": "Renly", "lines": 44 },
    {"name": "Lancel", "lines": 43 },
    {"name": "Osha", "lines": 42 },
    {"name": "Jaqen", "lines": 41 },
    {"name": "Gendry", "lines": 40 }
  ],
  [
    {"name": "Tyrion", "lines": 224 },
    {"name": "Jaime", "lines": 120 },
    {"name": "Daenerys", "lines": 106 },
    {"name": "Arya", "lines": 105 },
    {"name": "Tywin", "lines": 99 },
    {"name": "Sansa", "lines": 97 },
    {"name": "Cersei", "lines": 97 },
    {"name": "Davos", "lines": 97 },
    {"name": "Robb", "lines": 96 },
    {"name": "Jon", "lines": 89 },
    {"name": "Bran", "lines": 84 },
    {"name": "Sam", "lines": 72 },
    {"name": "Gendry", "lines": 72 },
    {"name": "Joffrey", "lines": 72 },
    {"name": "Margaery", "lines": 72 },
    {"name": "Ygritte", "lines": 71 },
    {"name": "Olenna", "lines": 71 },
    {"name": "Theon", "lines": 70 },
    {"name": "Thoros", "lines": 67 },
    {"name": "Shae", "lines": 64 },
    {"name": "Brienne", "lines": 60 },
    {"name": "Missandei", "lines": 60 },
    {"name": "Melisandre", "lines": 59 },
    {"name": "Stannis", "lines": 58 },
    {"name": "Sandor", "lines": 57 },
    {"name": "Varys", "lines": 56 },
    {"name": "Jojen", "lines": 55 },
    {"name": "Jorah", "lines": 52 },
    {"name": "Osha", "lines": 52 },
    {"name": "Ramsay", "lines": 49 }
  ],
  [
    {"name": "Tyrion", "lines": 225},
    {"name": "Jaime", "lines": 172},
    {"name": "Jon", "lines": 161},
    {"name": "Cersei", "lines": 159},
    {"name": "Tywin", "lines": 151},
    {"name": "Oberyn", "lines": 129},
    {"name": "Daenerys", "lines": 125},
    {"name": "Sandor", "lines": 120},
    {"name": "Sam", "lines": 115},
    {"name": "Arya", "lines": 105},
    {"name": "Sansa", "lines": 104},
    {"name": "Brienne", "lines": 99},
    {"name": "Littlefinger", "lines": 71},
    {"name": "Podrick", "lines": 64},
    {"name": "Alliser", "lines": 62},
    {"name": "Ramsay", "lines": 60},
    {"name": "Jorah", "lines": 55},
    {"name": "Bronn", "lines": 55},
    {"name": "Missandei", "lines": 53},
    {"name": "Margaery", "lines": 52},
    {"name": "Grenn", "lines": 49},
    {"name": "Davos", "lines": 49},
    {"name": "Bran", "lines": 49},
    {"name": "Shae", "lines": 49},
    {"name": "Reek", "lines": 44},
    {"name": "Lysa", "lines": 43},
    {"name": "Tormund", "lines": 41},
    {"name": "Meera", "lines": 40},
    {"name": "Gilly", "lines": 40},
    {"name": "Varys", "lines": 36}
  ],
  [
    {"name": "Tyrion", "lines": 217},
    {"name": "Jon", "lines": 212},
    {"name": "Cersei", "lines": 208},
    {"name": "Daenerys", "lines": 144},
    {"name": "Stannis", "lines": 122},
    {"name": "Sam", "lines": 118},
    {"name": "Jaime", "lines": 117},
    {"name": "Sansa", "lines": 112},
    {"name": "Bronn", "lines": 102},
    {"name": "Littlefinger", "lines": 100},
    {"name": "Jorah", "lines": 99},
    {"name": "Arya", "lines": 99},
    {"name": "Ramsay", "lines": 78},
    {"name": "High Sparrow", "lines": 77},
    {"name": "Daario", "lines": 75},
    {"name": "Margaery", "lines": 67},
    {"name": "Brienne", "lines": 64},
    {"name": "Davos", "lines": 60},
    {"name": "Gilly", "lines": 57},
    {"name": "Hizdahr", "lines": 57},
    {"name": "Shireen", "lines": 56},
    {"name": "Varys", "lines": 55},
    {"name": "Jaqen", "lines": 50},
    {"name": "Tormund", "lines": 50},
    {"name": "Reek", "lines": 46},
    {"name": "Podrick", "lines": 45},
    {"name": "Melisandree", "lines": 44},
    {"name": "Tommen", "lines": 44},
    {"name": "Olenna", "lines": 42},
    {"name": "Roose", "lines": 40}
  ],
  [
    {"name": "Jon", "lines": 186},
    {"name": "Jaime", "lines": 146},
    {"name": "Tyrion", "lines": 135},
    {"name": "Sansa", "lines": 129},
    {"name": "Arya", "lines": 128},
    {"name": "Davos", "lines": 106},
    {"name": "Cersei", "lines": 96},
    {"name": "Daenerys", "lines": 90},
    {"name": "Ramsay", "lines": 79},
    {"name": "Margaery", "lines": 70},
    {"name": "Theon", "lines": 67},
    {"name": "Yara", "lines": 67},
    {"name": "High Sparrow", "lines": 64},
    {"name": "Sandor", "lines": 62},
    {"name": "Brienne", "lines": 60},
    {"name": "Sam", "lines": 59},
    {"name": "Tormund", "lines": 56},
    {"name": "Bran", "lines": 56},
    {"name": "The Waif", "lines": 52},
    {"name": "Tommen", "lines": 52},
    {"name": "Daario", "lines": 51},
    {"name": "Varys", "lines": 48},
    {"name": "Lady Crane", "lines": 48},
    {"name": "Meera", "lines": 42},
    {"name": "Melisandre", "lines": 40},
    {"name": "Jorah", "lines": 39},
    {"name": "Gilly", "lines": 39},
    {"name": "Grey Worm", "lines": 38},
    {"name": "Bronn", "lines": 38},
    {"name": "Olenna", "lines": 36}
  ]
]