[
  {
    "name": "Tyrion Lannister",
    "imdbUrl": "http://www.imdb.com/character/ch0146096/",
    "screentime": 293.3,
    "episodes": 54,
    "portrayedBy": {
      "name": "Peter Dinklage",
      "imdbUrl": "http://www.imdb.com/name/nm0227759/"
    }
  },
  {
    "name": "Jon Snow",
    "imdbUrl": "http://www.imdb.com/character/ch0155777/",
    "screentime": 268.15,
    "episodes": 49,
    "portrayedBy": {
      "name": "Kit Harington",
      "imdbUrl": "http://www.imdb.com/name/nm3229685/"
    }
  },
  {
    "name": "Daenerys Targaryen",
    "imdbUrl": "http://www.imdb.com/character/ch0158597/",
    "screentime": 221.3,
    "episodes": 49,
    "portrayedBy": {
      "name": "Emilia Clarke",
      "imdbUrl": "http://www.imdb.com/name/nm3592338/"
    }
  },
  {
    "name": "Cersei Lannister",
    "imdbUrl": "http://www.imdb.com/character/ch0159526/",
    "screentime": 201.45,
    "episodes": 52,
    "portrayedBy": {
      "name": "Lena Headey",
      "imdbUrl": "http://www.imdb.com/name/nm0372176/"
    }
  },
  {
    "name": "Sansa Stark",
    "imdbUrl": "http://www.imdb.com/character/ch0158137/",
    "screentime": 199.3,
    "episodes": 47,
    "portrayedBy": {
      "name": "Sophie Turner",
      "imdbUrl": "http://www.imdb.com/name/nm3849842/"
    }
  },
  {
    "name": "Arya Stark",
    "imdbUrl": "http://www.imdb.com/character/ch0158604/",
    "screentime": 189.15,
    "episodes": 47,
    "portrayedBy": {
      "name": "Maisie Williams",
      "imdbUrl": "http://www.imdb.com/name/nm3586035/"
    }
  },
  {
    "name": "Jaime Lannister",
    "imdbUrl": "http://www.imdb.com/character/ch0158527/",
    "screentime": 162.3,
    "episodes": 43,
    "portrayedBy": {
      "name": "Nikolaj Coster-Waldau",
      "imdbUrl": "http://www.imdb.com/name/nm0182666/"
    }
  },
  {
    "name": "Theon Greyjoy",
    "imdbUrl": "http://www.imdb.com/character/ch0158526/",
    "screentime": 123.3,
    "episodes": 39,
    "portrayedBy": {
      "name": "Alfie Allen",
      "imdbUrl": "http://www.imdb.com/name/nm0654295/"
    }
  },
  {
    "name": "Samwell Tarly",
    "imdbUrl": "http://www.imdb.com/character/ch0244961/",
    "screentime": 121.45,
    "episodes": 37,
    "portrayedBy": {
      "name": "John Bradley",
      "imdbUrl": "http://www.imdb.com/name/nm4263213/"
    }
  },
  {
    "name": "Jorah Mormont",
    "imdbUrl": "http://www.imdb.com/character/ch0158221/",
    "screentime": 117.3,
    "episodes": 42,
    "portrayedBy": {
      "name": "Iain Glen",
      "imdbUrl": "http://www.imdb.com/name/nm0322513/"
    }
  },
  {
    "name": "Petyr 'Littlefinger' Baelish",
    "imdbUrl": "http://www.imdb.com/character/ch0245982/",
    "screentime": 102.15,
    "episodes": 35,
    "portrayedBy": {
      "name": "Aidan Gillen",
      "imdbUrl": "http://www.imdb.com/name/nm0318821/"
    }
  },
  {
    "name": "Eddard 'Ned' Stark",
    "imdbUrl": "http://www.imdb.com/character/ch0154681/",
    "screentime": 99.45,
    "episodes": 16,
    "portrayedBy": {
      "name": "Sean Bean",
      "imdbUrl": "http://www.imdb.com/name/nm0000293/"
    }
  },
  {
    "name": "Brienne of Tarth",
    "imdbUrl": "http://www.imdb.com/character/ch0254503/",
    "screentime": 89.3,
    "episodes": 32,
    "portrayedBy": {
      "name": "Gwendoline Christie",
      "imdbUrl": "http://www.imdb.com/name/nm3729225/"
    }
  },
  {
    "name": "Davos Seaworth",
    "imdbUrl": "http://www.imdb.com/character/ch0255396/",
    "screentime": 89.3,
    "episodes": 29,
    "portrayedBy": {
      "name": "Liam Cunningham",
      "imdbUrl": "http://www.imdb.com/name/nm0192377/"
    }
  },
  {
    "name": "Bran Stark",
    "imdbUrl": "http://www.imdb.com/character/ch0234897/",
    "screentime": 86,
    "episodes": 30,
    "portrayedBy": {
      "name": "Isaac Hempstead Wright",
      "imdbUrl": "http://www.imdb.com/name/nm3652842/"
    }
  },
  {
    "name": "Catelyn Stark",
    "imdbUrl": "http://www.imdb.com/character/ch0145135/",
    "screentime": 82.45,
    "episodes": 26,
    "portrayedBy": {
      "name": "Michelle Fairley",
      "imdbUrl": "http://www.imdb.com/name/nm0265610/"
    }
  },
  {
    "name": "Varys",
    "imdbUrl": "http://www.imdb.com/character/ch0249636/",
    "screentime": 81.45,
    "episodes": 36,
    "portrayedBy": {
      "name": "Conleth Hill",
      "imdbUrl": "http://www.imdb.com/name/nm0384152/"
    }
  },
  {
    "name": "Tywin Lannister",
    "imdbUrl": "http://www.imdb.com/character/ch0242185/",
    "screentime": 78.15,
    "episodes": 27,
    "portrayedBy": {
      "name": "Charles Dance",
      "imdbUrl": "http://www.imdb.com/name/nm0001097/"
    }
  },
  {
    "name": "Margaery Tyrell",
    "imdbUrl": "http://www.imdb.com/character/ch0251974/",
    "screentime": 78,
    "episodes": 26,
    "portrayedBy": {
      "name": "Natalie Dormer",
      "imdbUrl": "http://www.imdb.com/name/nm1754059/"
    }
  },
  {
    "name": "Robb Stark",
    "imdbUrl": "http://www.imdb.com/character/ch0158596/",
    "screentime": 77.45,
    "episodes": 21,
    "portrayedBy": {
      "name": "Richard Madden",
      "imdbUrl": "http://www.imdb.com/name/nm0534635/"
    }
  },
  {
    "name": "Stannis Baratheon",
    "imdbUrl": "http://www.imdb.com/character/ch0250897/",
    "screentime": 73.15,
    "episodes": 24,
    "portrayedBy": {
      "name": "Stephen Dillane",
      "imdbUrl": "http://www.imdb.com/name/nm0226820/"
    }
  },
  {
    "name": "Sandor 'The Hound' Clegane",
    "imdbUrl": "http://www.imdb.com/character/ch0162882/",
    "screentime": 72.45,
    "episodes": 29,
    "portrayedBy": {
      "name": "Rory McCann",
      "imdbUrl": "http://www.imdb.com/name/nm0564920/"
    }
  },
  {
    "name": "Joffrey Baratheon",
    "imdbUrl": "http://www.imdb.com/character/ch0156278/",
    "screentime": 70.15,
    "episodes": 26,
    "portrayedBy": {
      "name": "Jack Gleeson",
      "imdbUrl": "http://www.imdb.com/name/nm0322416/"
    }
  },
  {
    "name": "Ramsay Snow",
    "imdbUrl": "http://www.imdb.com/character/ch0321004/",
    "screentime": 66,
    "episodes": 20,
    "portrayedBy": {
      "name": "Iwan Rheon",
      "imdbUrl": "http://www.imdb.com/name/nm3701064/"
    }
  },
  {
    "name": "Melisandre",
    "imdbUrl": "http://www.imdb.com/character/ch0287523/",
    "screentime": 65.45,
    "episodes": 26,
    "portrayedBy": {
      "name": "Carice van Houten",
      "imdbUrl": "http://www.imdb.com/name/nm0396924/"
    }
  },
  {
    "name": "Bronn",
    "imdbUrl": "http://www.imdb.com/character/ch0241345/",
    "screentime": 64,
    "episodes": 29,
    "portrayedBy": {
      "name": "Jerome Flynn",
      "imdbUrl": "http://www.imdb.com/name/nm0283492/"
    }
  },
  {
    "name": "Gilly",
    "imdbUrl": "http://www.imdb.com/character/ch0306819/",
    "screentime": 52,
    "episodes": 21,
    "portrayedBy": {
      "name": "Hannah Murray",
      "imdbUrl": "http://www.imdb.com/name/nm2356940/"
    }
  },
  {
    "name": "Ygritte",
    "imdbUrl": "http://www.imdb.com/character/ch0304492/",
    "screentime": 51,
    "episodes": 17,
    "portrayedBy": {
      "name": "Rose Leslie",
      "imdbUrl": "http://www.imdb.com/name/nm3310211/"
    }
  },
  {
    "name": "Shae",
    "imdbUrl": "http://www.imdb.com/character/ch0250564/",
    "screentime": 47.15,
    "episodes": 20,
    "portrayedBy": {
      "name": "Sibel Kekilli",
      "imdbUrl": "http://www.imdb.com/name/nm1402546/"
    }
  },
  {
    "name": "Daario Naharis",
    "imdbUrl": "http://www.imdb.com/character/ch0335040/",
    "screentime": 46,
    "episodes": 21,
    "portrayedBy": {
      "name": "Ed Skrein",
      "imdbUrl": "http://www.imdb.com/name/nm4534098/"
    }
  },
  {
    "name": "Missandei",
    "imdbUrl": "http://www.imdb.com/character/ch0316923/",
    "screentime": 45.45,
    "episodes": 29,
    "portrayedBy": {
      "name": "Nathalie Emmanuel",
      "imdbUrl": "http://www.imdb.com/name/nm2812026/"
    }
  },
  {
    "name": "Tommen Baratheon",
    "imdbUrl": "http://www.imdb.com/character/ch0256424/",
    "screentime": 43.15,
    "episodes": 24,
    "portrayedBy": {
      "name": "Callum Wharry",
      "imdbUrl": "http://www.imdb.com/name/nm4422626/"
    }
  },
  {
    "name": "Tormund Giantsbane",
    "imdbUrl": "http://www.imdb.com/character/ch0316925/",
    "screentime": 41.45,
    "episodes": 24,
    "portrayedBy": {
      "name": "Kristofer Hivju",
      "imdbUrl": "http://www.imdb.com/name/nm1970465/"
    }
  },
  {
    "name": "Podrick Payne",
    "imdbUrl": "http://www.imdb.com/character/ch0306046/",
    "screentime": 41.15,
    "episodes": 26,
    "portrayedBy": {
      "name": "Daniel Portman",
      "imdbUrl": "http://www.imdb.com/name/nm4535552/"
    }
  },
  {
    "name": "Olenna Tyrell",
    "imdbUrl": "http://www.imdb.com/character/ch0010188/",
    "screentime": 38.15,
    "episodes": 16,
    "portrayedBy": {
      "name": "Diana Rigg",
      "imdbUrl": "http://www.imdb.com/name/nm0001671/"
    }
  },
  {
    "name": "High Sparrow",
    "imdbUrl": "http://www.imdb.com/character/ch0476559/",
    "screentime": 37.3,
    "episodes": 12,
    "portrayedBy": {
      "name": "Jonathan Pryce",
      "imdbUrl": "http://www.imdb.com/name/nm0000596/"
    }
  },
  {
    "name": "Barristan Selmy",
    "imdbUrl": "http://www.imdb.com/character/ch0241346/",
    "screentime": 37.15,
    "episodes": 25,
    "portrayedBy": {
      "name": "Ian McElhinney",
      "imdbUrl": "http://www.imdb.com/name/nm0568400/"
    }
  },
  {
    "name": "Grand Maester Pycelle",
    "imdbUrl": "http://www.imdb.com/character/ch0232836/",
    "screentime": 35.15,
    "episodes": 31,
    "portrayedBy": {
      "name": "Julian Glover",
      "imdbUrl": "http://www.imdb.com/name/nm0002103/"
    }
  },
  {
    "name": "Loras Tyrell",
    "imdbUrl": "http://www.imdb.com/character/ch0231428/",
    "screentime": 33,
    "episodes": 20,
    "portrayedBy": {
      "name": "Finn Jones",
      "imdbUrl": "http://www.imdb.com/name/nm3645691/"
    }
  },
  {
    "name": "Grey Worm",
    "imdbUrl": "http://www.imdb.com/character/ch0335038/",
    "screentime": 32.15,
    "episodes": 24,
    "portrayedBy": {
      "name": "Jacob Anderson",
      "imdbUrl": "http://www.imdb.com/name/nm2760664/"
    }
  },
  {
    "name": "Talisa Maegyr",
    "imdbUrl": "http://www.imdb.com/character/ch0305007/",
    "screentime": 30.45,
    "episodes": 12,
    "portrayedBy": {
      "name": "Oona Chaplin",
      "imdbUrl": "http://www.imdb.com/name/nm2772105/"
    }
  },
  {
    "name": "Robert Baratheon",
    "imdbUrl": "http://www.imdb.com/character/ch0155776/",
    "screentime": 30.3,
    "episodes": 7,
    "portrayedBy": {
      "name": "Mark Addy",
      "imdbUrl": "http://www.imdb.com/name/nm0004692/"
    }
  },
  {
    "name": "Roose Bolton",
    "imdbUrl": "http://www.imdb.com/character/ch0305006/",
    "screentime": 30.15,
    "episodes": 19,
    "portrayedBy": {
      "name": "Michael McElhatton",
      "imdbUrl": "http://www.imdb.com/name/nm0568385/"
    }
  },
  {
    "name": "Osha",
    "imdbUrl": "http://www.imdb.com/character/ch0295802/",
    "screentime": 29.45,
    "episodes": 16,
    "portrayedBy": {
      "name": "Natalia Tena",
      "imdbUrl": "http://www.imdb.com/name/nm1164730/"
    }
  },
  {
    "name": "Eddison Tollett",
    "imdbUrl": "http://www.imdb.com/character/ch0305008/",
    "screentime": 29.15,
    "episodes": 29,
    "portrayedBy": {
      "name": "Ben Crompton",
      "imdbUrl": "http://www.imdb.com/name/nm0174005/"
    }
  },
  {
    "name": "Hodor",
    "imdbUrl": "http://www.imdb.com/character/ch0238584/",
    "screentime": 29,
    "episodes": 23,
    "portrayedBy": {
      "name": "Kristian Nairn",
      "imdbUrl": "http://www.imdb.com/name/nm3964231/"
    }
  },
  {
    "name": "Gendry",
    "imdbUrl": "http://www.imdb.com/character/ch0300040/",
    "screentime": 28.45,
    "episodes": 17,
    "portrayedBy": {
      "name": "Joe Dempsie",
      "imdbUrl": "http://www.imdb.com/name/nm1478079/"
    }
  },
  {
    "name": "Oberyn Martell",
    "imdbUrl": "http://www.imdb.com/character/ch0392307/",
    "screentime": 28.3,
    "episodes": 7,
    "portrayedBy": {
      "name": "Pedro Pascal",
      "imdbUrl": "http://www.imdb.com/name/nm0050959/"
    }
  },
  {
    "name": "Yara Greyjoy",
    "imdbUrl": "http://www.imdb.com/character/ch0300217/",
    "screentime": 27,
    "episodes": 12,
    "portrayedBy": {
      "name": "Gemma Whelan",
      "imdbUrl": "http://www.imdb.com/name/nm2247629/"
    }
  },
  {
    "name": "Meera Reed",
    "imdbUrl": "http://www.imdb.com/character/ch0316928/",
    "screentime": 27,
    "episodes": 13,
    "portrayedBy": {
      "name": "Ellie Kendrick",
      "imdbUrl": "http://www.imdb.com/name/nm1697771/"
    }
  },
  {
    "name": "Jaqen H'ghar",
    "imdbUrl": "http://www.imdb.com/character/ch0259179/",
    "screentime": 26.3,
    "episodes": 18,
    "portrayedBy": {
      "name": "Tom Wlaschiha",
      "imdbUrl": "http://www.imdb.com/name/nm0937239/"
    }
  },
  {
    "name": "Alliser Thorne",
    "imdbUrl": "http://www.imdb.com/character/ch0246938/",
    "screentime": 26,
    "episodes": 19,
    "portrayedBy": {
      "name": "Owen Teale",
      "imdbUrl": "http://www.imdb.com/name/nm0853583/"
    }
  },
  {
    "name": "Khal Drogo",
    "imdbUrl": "http://www.imdb.com/character/ch0171388/",
    "screentime": 25,
    "episodes": 10,
    "portrayedBy": {
      "name": "Jason Momoa",
      "imdbUrl": "http://www.imdb.com/name/nm0597388/"
    }
  },
  {
    "name": "Renly Baratheon",
    "imdbUrl": "http://www.imdb.com/character/ch0246253/",
    "screentime": 24,
    "episodes": 8,
    "portrayedBy": {
      "name": "Gethin Anthony",
      "imdbUrl": "http://www.imdb.com/name/nm2167445/"
    }
  },
  {
    "name": "Maester Luwin",
    "imdbUrl": "http://www.imdb.com/character/ch0171393/",
    "screentime": 23.3,
    "episodes": 13,
    "portrayedBy": {
      "name": "Donald Sumpter",
      "imdbUrl": "http://www.imdb.com/name/nm0838910/"
    }
  },
  {
    "name": "Ros",
    "imdbUrl": "http://www.imdb.com/character/ch0010187/",
    "screentime": 21.45,
    "episodes": 14,
    "portrayedBy": {
      "name": "Esmé Bianco",
      "imdbUrl": "http://www.imdb.com/name/nm2657974/"
    }
  },
  {
    "name": "Grenn",
    "imdbUrl": "http://www.imdb.com/character/ch0251496/",
    "screentime": 21.15,
    "episodes": 22,
    "portrayedBy": {
      "name": "Mark Stanley",
      "imdbUrl": "http://www.imdb.com/name/nm4440305/"
    }
  },
  {
    "name": "Mance Rayder",
    "imdbUrl": "http://www.imdb.com/character/ch0335039/",
    "screentime": 21,
    "episodes": 5,
    "portrayedBy": {
      "name": "Ciarán Hinds",
      "imdbUrl": "http://www.imdb.com/name/nm0001354/"
    }
  },
  {
    "name": "Jeor Mormont",
    "imdbUrl": "http://www.imdb.com/character/ch0251492/",
    "screentime": 21,
    "episodes": 12,
    "portrayedBy": {
      "name": "James Cosmo",
      "imdbUrl": "http://www.imdb.com/name/nm0181920/"
    }
  },
  {
    "name": "Viserys Targaryen",
    "imdbUrl": "http://www.imdb.com/character/ch0155775/",
    "screentime": 20.3,
    "episodes": 6,
    "portrayedBy": {
      "name": "Harry Lloyd",
      "imdbUrl": "http://www.imdb.com/name/nm0516003/"
    }
  },
  {
    "name": "Qyburn",
    "imdbUrl": "http://www.imdb.com/character/ch0316929/",
    "screentime": 19.15,
    "episodes": 14,
    "portrayedBy": {
      "name": "Anton Lesser",
      "imdbUrl": "http://www.imdb.com/name/nm0504320/"
    }
  },
  {
    "name": "Jojen Reed",
    "imdbUrl": "http://www.imdb.com/character/ch0316921/",
    "screentime": 19,
    "episodes": 10,
    "portrayedBy": {
      "name": "Thomas Brodie-Sangster",
      "imdbUrl": "http://www.imdb.com/name/nm1032473/"
    }
  },
  {
    "name": "Maester Aemon",
    "imdbUrl": "http://www.imdb.com/character/ch0246936/",
    "screentime": 19,
    "episodes": 11,
    "portrayedBy": {
      "name": "Peter Vaughan",
      "imdbUrl": "http://www.imdb.com/name/nm0891092/"
    }
  },
  {
    "name": "Ellaria Sand",
    "imdbUrl": "http://www.imdb.com/character/ch0309687/",
    "screentime": 18.3,
    "episodes": 11,
    "portrayedBy": {
      "name": "Indira Varma",
      "imdbUrl": "http://www.imdb.com/name/nm0890055/"
    }
  },
  {
    "name": "Lancel Lannister",
    "imdbUrl": "http://www.imdb.com/character/ch0376927/",
    "screentime": 18.3,
    "episodes": 17,
    "portrayedBy": {
      "name": "Eugene Simon",
      "imdbUrl": "http://www.imdb.com/name/nm1638294/"
    }
  },
  {
    "name": "Shireen Baratheon",
    "imdbUrl": "http://www.imdb.com/character/ch0306346/",
    "screentime": 18.15,
    "episodes": 10,
    "portrayedBy": {
      "name": "Kerry Ingram",
      "imdbUrl": "http://www.imdb.com/name/nm5081192/"
    }
  },
  {
    "name": "Edmure Tully",
    "imdbUrl": "http://www.imdb.com/character/ch0316931/",
    "screentime": 17.45,
    "episodes": 8,
    "portrayedBy": {
      "name": "Tobias Menzies",
      "imdbUrl": "http://www.imdb.com/name/nm0580014/"
    }
  },
  {
    "name": "Gregor Clegane",
    "imdbUrl": "http://www.imdb.com/character/ch0245401/",
    "screentime": 17.15,
    "episodes": 14,
    "portrayedBy": {
      "name": "Conan Stevens",
      "imdbUrl": "http://www.imdb.com/name/nm1947403/"
    }
  },
  {
    "name": "Lysa Arryn",
    "imdbUrl": "http://www.imdb.com/character/ch0251736/",
    "screentime": 16.3,
    "episodes": 5,
    "portrayedBy": {
      "name": "Kate Dickie",
      "imdbUrl": "http://www.imdb.com/name/nm0225483/"
    }
  },
  {
    "name": "Meryn Trant",
    "imdbUrl": "http://www.imdb.com/character/ch0246933/",
    "screentime": 16,
    "episodes": 18,
    "portrayedBy": {
      "name": "Ian Beattie",
      "imdbUrl": "http://www.imdb.com/name/nm0064155/"
    }
  },
  {
    "name": "Brynden 'Blackfish' Tully",
    "imdbUrl": "http://www.imdb.com/character/ch0381563/",
    "screentime": 16,
    "episodes": 7,
    "portrayedBy": {
      "name": "Clive Russell",
      "imdbUrl": "http://www.imdb.com/name/nm0751085/"
    }
  },
  {
    "name": "Walder Frey",
    "imdbUrl": "http://www.imdb.com/character/ch0305328/",
    "screentime": 15.45,
    "episodes": 5,
    "portrayedBy": {
      "name": "David Bradley",
      "imdbUrl": "http://www.imdb.com/name/nm0103195/"
    }
  },
  {
    "name": "Thoros of Myr",
    "imdbUrl": "http://www.imdb.com/character/ch0316927/",
    "screentime": 15,
    "episodes": 7,
    "portrayedBy": {
      "name": "Paul Kaye",
      "imdbUrl": "http://www.imdb.com/name/nm0443373/"
    }
  },
  {
    "name": "Janos Slynt",
    "imdbUrl": "http://www.imdb.com/character/ch0300651/",
    "screentime": 14.15,
    "episodes": 15,
    "portrayedBy": {
      "name": "Dominic Carter",
      "imdbUrl": "http://www.imdb.com/name/nm0141582/"
    }
  },
  {
    "name": "Locke",
    "imdbUrl": "http://www.imdb.com/character/ch0045904/",
    "screentime": 13,
    "episodes": 8,
    "portrayedBy": {
      "name": "Noah Taylor",
      "imdbUrl": "http://www.imdb.com/name/nm0852965/"
    }
  },
  {
    "name": "Myranda",
    "imdbUrl": "http://www.imdb.com/character/ch0316926/",
    "screentime": 13,
    "episodes": 8,
    "portrayedBy": {
      "name": "Charlotte Hope",
      "imdbUrl": "http://www.imdb.com/name/nm3745225/"
    }
  },
  {
    "name": "Rickon Stark",
    "imdbUrl": "http://www.imdb.com/character/ch0233141/",
    "screentime": 12.45,
    "episodes": 14,
    "portrayedBy": {
      "name": "Art Parkinson",
      "imdbUrl": "http://www.imdb.com/name/nm3280686/"
    }
  },
  {
    "name": "Rodrik Greyjoy",
    "imdbUrl": "http://www.imdb.com/character/ch0171391/",
    "screentime": 12.45,
    "episodes": 15,
    "portrayedBy": {
      "name": "Ron Donachie",
      "imdbUrl": "http://www.imdb.com/name/nm0231871/"
    }
  },
  {
    "name": "Waif",
    "imdbUrl": "http://www.imdb.com/character/ch0508054/",
    "screentime": 12.45,
    "episodes": 11,
    "portrayedBy": {
      "name": "Faye Marsay",
      "imdbUrl": "http://www.imdb.com/name/nm3849670/"
    }
  },
  {
    "name": "Hot Pie",
    "imdbUrl": "http://www.imdb.com/character/ch0273432/",
    "screentime": 12.45,
    "episodes": 10,
    "portrayedBy": {
      "name": "Ben Hawkey",
      "imdbUrl": "http://www.imdb.com/name/nm3444954/"
    }
  },
  {
    "name": "Rast",
    "imdbUrl": "http://www.imdb.com/character/ch0251498/",
    "screentime": 12.45,
    "episodes": 12,
    "portrayedBy": {
      "name": "Luke Barnes",
      "imdbUrl": "http://www.imdb.com/name/nm4430828/"
    }
  },
  {
    "name": "Septa Unella",
    "imdbUrl": "http://www.imdb.com/character/ch0512215/",
    "screentime": 12.3,
    "episodes": 8,
    "portrayedBy": {
      "name": "Hannah Waddingham",
      "imdbUrl": "http://www.imdb.com/name/nm1821446/"
    }
  },
  {
    "name": "Olly",
    "imdbUrl": "http://www.imdb.com/character/ch0508055/",
    "screentime": 12.3,
    "episodes": 17,
    "portrayedBy": {
      "name": "Brenock O'Connor",
      "imdbUrl": "http://www.imdb.com/name/nm5282143/"
    }
  },
  {
    "name": "Doreah",
    "imdbUrl": "http://www.imdb.com/character/ch0248504/",
    "screentime": 12.3,
    "episodes": 11,
    "portrayedBy": {
      "name": "Roxanne McKee",
      "imdbUrl": "http://www.imdb.com/name/nm1861467/"
    }
  },
  {
    "name": "Balon Greyjoy",
    "imdbUrl": "http://www.imdb.com/character/ch0292152/",
    "screentime": 12.15,
    "episodes": 4,
    "portrayedBy": {
      "name": "Patrick Malahide",
      "imdbUrl": "http://www.imdb.com/name/nm0538869/"
    }
  },
  {
    "name": "Benjen Stark",
    "imdbUrl": "http://www.imdb.com/character/ch0153996/",
    "screentime": 12,
    "episodes": 7,
    "portrayedBy": {
      "name": "Joseph Mawle",
      "imdbUrl": "http://www.imdb.com/name/nm1152798/"
    }
  },
  {
    "name": "Pypar",
    "imdbUrl": "http://www.imdb.com/character/ch0273477/",
    "screentime": 12,
    "episodes": 13,
    "portrayedBy": {
      "name": "Josef Altin",
      "imdbUrl": "http://www.imdb.com/name/nm1086981/"
    }
  },
  {
    "name": "Yoren",
    "imdbUrl": "http://www.imdb.com/character/ch0251493/",
    "screentime": 12,
    "episodes": 7,
    "portrayedBy": {
      "name": "Francis Magee",
      "imdbUrl": "http://www.imdb.com/name/nm0535837/"
    }
  },
  {
    "name": "Myrcella Baratheon",
    "imdbUrl": "http://www.imdb.com/character/ch0238585/",
    "screentime": 11.45,
    "episodes": 12,
    "portrayedBy": {
      "name": "Aimee Richardson",
      "imdbUrl": "http://www.imdb.com/name/nm4048461/"
    }
  },
  {
    "name": "Hizdahr zo Loraq",
    "imdbUrl": "http://www.imdb.com/character/ch0414458/",
    "screentime": 11.45,
    "episodes": 8,
    "portrayedBy": {
      "name": "Joel Fry",
      "imdbUrl": "http://www.imdb.com/name/nm2181128/"
    }
  },
  {
    "name": "Mace Tyrell",
    "imdbUrl": "http://www.imdb.com/character/ch0384328/",
    "screentime": 11.3,
    "episodes": 13,
    "portrayedBy": {
      "name": "Roger Ashton-Griffiths",
      "imdbUrl": "http://www.imdb.com/name/nm0004355/"
    }
  },
  {
    "name": "Robin Arryn",
    "imdbUrl": "http://www.imdb.com/character/ch0300949/",
    "screentime": 11.15,
    "episodes": 8,
    "portrayedBy": {
      "name": "Lino Facioli",
      "imdbUrl": "http://www.imdb.com/name/nm2996220/"
    }
  },
  {
    "name": "Beric Dondarrion",
    "imdbUrl": "http://www.imdb.com/character/ch0305320/",
    "screentime": 11.15,
    "episodes": 6,
    "portrayedBy": {
      "name": "David Michael Scott",
      "imdbUrl": "http://www.imdb.com/name/nm2364108/"
    }
  },
  {
    "name": "Karl Tanner",
    "imdbUrl": "http://www.imdb.com/character/ch0396528/",
    "screentime": 11.15,
    "episodes": 4,
    "portrayedBy": {
      "name": "Burn Gorman",
      "imdbUrl": "http://www.imdb.com/name/nm1218607/"
    }
  },
  {
    "name": "Selyse Baratheon",
    "imdbUrl": "http://www.imdb.com/character/ch0316924/",
    "screentime": 11,
    "episodes": 11,
    "portrayedBy": {
      "name": "Sarah MacKeever",
      "imdbUrl": "http://www.imdb.com/name/nm5223922/"
    }
  },
  {
    "name": "Xaro Xhoan Daxos",
    "imdbUrl": "http://www.imdb.com/character/ch0303950/",
    "screentime": 10.3,
    "episodes": 5,
    "portrayedBy": {
      "name": "Nonso Anozie",
      "imdbUrl": "http://www.imdb.com/name/nm1996829/"
    }
  },
  {
    "name": "Irri",
    "imdbUrl": "http://www.imdb.com/character/ch0249444/",
    "screentime": 10,
    "episodes": 13,
    "portrayedBy": {
      "name": "Amrita Acharia",
      "imdbUrl": "http://www.imdb.com/name/nm3822505/"
    }
  },
  {
    "name": "Lady Crane",
    "imdbUrl": "http://www.imdb.com/character/ch0541190/",
    "screentime": 10,
    "episodes": 3,
    "portrayedBy": {
      "name": "Essie Davis",
      "imdbUrl": "http://www.imdb.com/name/nm0204583/"
    }
  },
  {
    "name": "Qhorin Halfhand",
    "imdbUrl": "http://www.imdb.com/character/ch0303951/",
    "screentime": 9.3,
    "episodes": 4,
    "portrayedBy": {
      "name": "Simon Armstrong",
      "imdbUrl": "http://www.imdb.com/name/nm1409802/"
    }
  },
  {
    "name": "Orell",
    "imdbUrl": "http://www.imdb.com/character/ch0316922/",
    "screentime": 9,
    "episodes": 6,
    "portrayedBy": {
      "name": "Mackenzie Crook",
      "imdbUrl": "http://www.imdb.com/name/nm0188871/"
    }
  },
  {
    "name": "Rakharo",
    "imdbUrl": "http://www.imdb.com/character/ch0251495/",
    "screentime": 8.45,
    "episodes": 8,
    "portrayedBy": {
      "name": "Elyes Gabel",
      "imdbUrl": "http://www.imdb.com/name/nm1175468/"
    }
  },
  {
    "name": "Kevan Lannister",
    "imdbUrl": "http://www.imdb.com/character/ch0305013/",
    "screentime": 8.3,
    "episodes": 11,
    "portrayedBy": {
      "name": "Ian Gelder",
      "imdbUrl": "http://www.imdb.com/name/nm0312245/"
    }
  },
  {
    "name": "Tyene Sand",
    "imdbUrl": "http://www.imdb.com/character/ch0468075/",
    "screentime": 8.3,
    "episodes": 7,
    "portrayedBy": {
      "name": "Rosabell Laurenti Sellers",
      "imdbUrl": "http://www.imdb.com/name/nm3065809/"
    }
  },
  {
    "name": "Olyvar",
    "imdbUrl": "http://www.imdb.com/character/ch0403194/",
    "screentime": 8.15,
    "episodes": 6,
    "portrayedBy": {
      "name": "Will Tudor",
      "imdbUrl": "http://www.imdb.com/name/nm4831584/"
    }
  },
  {
    "name": "Three-Eyed Raven",
    "imdbUrl": "http://www.imdb.com/character/ch0414457/",
    "screentime": 8,
    "episodes": 9,
    "portrayedBy": {
      "name": "Struan Rodger",
      "imdbUrl": "http://www.imdb.com/name/nm0734654/"
    }
  },
  {
    "name": "Alton Lannister",
    "imdbUrl": "http://www.imdb.com/character/ch0305012/",
    "screentime": 8,
    "episodes": 3,
    "portrayedBy": {
      "name": "Karl Davies",
      "imdbUrl": "http://www.imdb.com/name/nm0203801/"
    }
  },
  {
    "name": "Yezzan zo Qaggaz",
    "imdbUrl": "http://www.imdb.com/character/ch0470706/",
    "screentime": 7.45,
    "episodes": 4,
    "portrayedBy": {
      "name": "Enzo Cilenti",
      "imdbUrl": "http://www.imdb.com/name/nm0162281/"
    }
  },
  {
    "name": "Doran Martell",
    "imdbUrl": "http://www.imdb.com/character/ch0468006/",
    "screentime": 7.3,
    "episodes": 5,
    "portrayedBy": {
      "name": "Alexander Siddig",
      "imdbUrl": "http://www.imdb.com/name/nm0796502/"
    }
  },
  {
    "name": "Mirri Maz Duur",
    "imdbUrl": "http://www.imdb.com/character/ch0305011/",
    "screentime": 7.3,
    "episodes": 3,
    "portrayedBy": {
      "name": "Mia Soteriou",
      "imdbUrl": "http://www.imdb.com/name/nm0815420/"
    }
  },
  {
    "name": "Wun Wun",
    "imdbUrl": "http://www.imdb.com/character/ch0524621/",
    "screentime": 7.3,
    "episodes": 5,
    "portrayedBy": {
      "name": "Ian Whyte",
      "imdbUrl": "http://www.imdb.com/name/nm1613839/"
    }
  },
  {
    "name": "Syrio Forel",
    "imdbUrl": "http://www.imdb.com/character/ch0246934/",
    "screentime": 7.15,
    "episodes": 3,
    "portrayedBy": {
      "name": "Miltos Yerolemou",
      "imdbUrl": "http://www.imdb.com/name/nm1115654/"
    }
  },
  {
    "name": "Nymeria Sand",
    "imdbUrl": "http://www.imdb.com/character/ch0468074/",
    "screentime": 7,
    "episodes": 7,
    "portrayedBy": {
      "name": "Jessica Henwick",
      "imdbUrl": "http://www.imdb.com/name/nm3725055/"
    }
  },
  {
    "name": "Obara Sand",
    "imdbUrl": "http://www.imdb.com/character/ch0468001/",
    "screentime": 6.45,
    "episodes": 7,
    "portrayedBy": {
      "name": "Keisha Castle-Hughes",
      "imdbUrl": "http://www.imdb.com/name/nm1095720/"
    }
  },
  {
    "name": "Razdal mo Eraz",
    "imdbUrl": "http://www.imdb.com/character/ch0413591/",
    "screentime": 6.45,
    "episodes": 3,
    "portrayedBy": {
      "name": "George Georgiou",
      "imdbUrl": "http://www.imdb.com/name/nm1745190/"
    }
  },
  {
    "name": "Euron Greyjoy",
    "imdbUrl": "http://www.imdb.com/character/ch0518715/",
    "screentime": 6.3,
    "episodes": 2,
    "portrayedBy": {
      "name": "Pilou Asbæk",
      "imdbUrl": "http://www.imdb.com/name/nm1561982/"
    }
  },
  {
    "name": "Craster",
    "imdbUrl": "http://www.imdb.com/character/ch0300218/",
    "screentime": 6.3,
    "episodes": 5,
    "portrayedBy": {
      "name": "Robert Pugh",
      "imdbUrl": "http://www.imdb.com/name/nm0700059/"
    }
  },
  {
    "name": "Brother Ray",
    "imdbUrl": "http://www.imdb.com/character/ch0541878/",
    "screentime": 6.3,
    "episodes": "unspecified",
    "portrayedBy": {
      "name": "Ian McShane",
      "imdbUrl": "http://www.imdb.com/name/nm0574534/"
    }
  },
  {
    "name": "Matthos Seaworth",
    "imdbUrl": "http://www.imdb.com/character/ch0305029/",
    "screentime": 6.3,
    "episodes": 3,
    "portrayedBy": {
      "name": "Kerr Logan",
      "imdbUrl": "http://www.imdb.com/name/nm4523680/"
    }
  },
  {
    "name": "Salladhor Saan",
    "imdbUrl": "http://www.imdb.com/character/ch0381104/",
    "screentime": 6.15,
    "episodes": 3,
    "portrayedBy": {
      "name": "Lucian Msamati",
      "imdbUrl": "http://www.imdb.com/name/nm1748634/"
    }
  },
  {
    "name": "Jory Cassel",
    "imdbUrl": "http://www.imdb.com/character/ch0245400/",
    "screentime": 6.15,
    "episodes": 5,
    "portrayedBy": {
      "name": "Jamie Sives",
      "imdbUrl": "http://www.imdb.com/name/nm0803397/"
    }
  },
  {
    "name": "Othell Yarwyck",
    "imdbUrl": "http://www.imdb.com/character/ch0305003/",
    "screentime": 6.15,
    "episodes": 13,
    "portrayedBy": {
      "name": "Brian Fortune",
      "imdbUrl": "http://www.imdb.com/name/nm1987270/"
    }
  },
  {
    "name": "Will",
    "imdbUrl": "http://www.imdb.com/character/ch0171394/",
    "screentime": 6.15,
    "episodes": "unspecified",
    "portrayedBy": {
      "name": "Bronson Webb",
      "imdbUrl": "http://www.imdb.com/name/nm0916037/"
    }
  },
  {
    "name": "Septa Mordane",
    "imdbUrl": "http://www.imdb.com/character/ch0248505/",
    "screentime": 6,
    "episodes": 6,
    "portrayedBy": {
      "name": "Susan Brown",
      "imdbUrl": "http://www.imdb.com/name/nm0114742/"
    }
  },
  {
    "name": "Polliver",
    "imdbUrl": "http://www.imdb.com/character/ch0305023/",
    "screentime": 6,
    "episodes": 2,
    "portrayedBy": {
      "name": "Andy Kellegher",
      "imdbUrl": "http://www.imdb.com/name/nm3464945/"
    }
  },
  {
    "name": "Yohn Royce",
    "imdbUrl": "http://www.imdb.com/character/ch0524546/",
    "screentime": 5.45,
    "episodes": 4,
    "portrayedBy": {
      "name": "Rupert Vansittart",
      "imdbUrl": "http://www.imdb.com/name/nm0889338/"
    }
  },
  {
    "name": "Kraznys mo Nakloz",
    "imdbUrl": "http://www.imdb.com/character/ch0339503/",
    "screentime": 5.45,
    "episodes": 3,
    "portrayedBy": {
      "name": "Dan Hildebrand",
      "imdbUrl": "http://www.imdb.com/name/nm0383835/"
    }
  },
  {
    "name": "The Night's King",
    "imdbUrl": "http://www.imdb.com/character/ch0512154/",
    "screentime": 5.3,
    "episodes": 5,
    "portrayedBy": {
      "name": "Richard Brake",
      "imdbUrl": "http://www.imdb.com/name/nm0104114/"
    }
  },
  {
    "name": "Spice King",
    "imdbUrl": "http://www.imdb.com/character/ch0305005/",
    "screentime": 5.3,
    "episodes": 3,
    "portrayedBy": {
      "name": "Nicholas Blane",
      "imdbUrl": "http://www.imdb.com/name/nm0087432/"
    }
  },
  {
    "name": "Styr",
    "imdbUrl": "http://www.imdb.com/character/ch0400416/",
    "screentime": 5.3,
    "episodes": 4,
    "portrayedBy": {
      "name": "Yuri Kolokolnikov",
      "imdbUrl": "http://www.imdb.com/name/nm0464305/"
    }
  },
  {
    "name": "Dagmer Cleftjaw",
    "imdbUrl": "http://www.imdb.com/character/ch0304762/",
    "screentime": 5.15,
    "episodes": 5,
    "portrayedBy": {
      "name": "Ralph Ineson",
      "imdbUrl": "http://www.imdb.com/name/nm0408591/"
    }
  },
  {
    "name": "Khal Moro",
    "imdbUrl": "http://www.imdb.com/character/ch0538748/",
    "screentime": 5.15,
    "episodes": 3,
    "portrayedBy": {
      "name": "Joseph Naufahu",
      "imdbUrl": "http://www.imdb.com/name/nm0622533/"
    }
  },
  {
    "name": "Rickard Karstark",
    "imdbUrl": "http://www.imdb.com/character/ch0305331/",
    "screentime": 5.15,
    "episodes": 6,
    "portrayedBy": {
      "name": "Steve Blount",
      "imdbUrl": "http://www.imdb.com/name/nm0089416/"
    }
  },
  {
    "name": "Rattleshirt",
    "imdbUrl": "http://www.imdb.com/character/ch0305888/",
    "screentime": 5.15,
    "episodes": 4,
    "portrayedBy": {
      "name": "Edward Dogliani",
      "imdbUrl": "http://www.imdb.com/name/nm2589085/"
    }
  },
  {
    "name": "Karsi",
    "imdbUrl": "http://www.imdb.com/character/ch0512707/",
    "screentime": 5.15,
    "episodes": "unspecified",
    "portrayedBy": {
      "name": "Birgitte Hjort Sørensen",
      "imdbUrl": "http://www.imdb.com/name/nm2171898/"
    }
  },
  {
    "name": "Qotho",
    "imdbUrl": "http://www.imdb.com/character/ch0246162/",
    "screentime": 5.15,
    "episodes": 6,
    "portrayedBy": {
      "name": "Dar Salim",
      "imdbUrl": "http://www.imdb.com/name/nm1502469/"
    }
  },
  {
    "name": "Armeca",
    "imdbUrl": "http://www.imdb.com/character/ch0305014/",
    "screentime": 5.15,
    "episodes": 3,
    "portrayedBy": {
      "name": "Sahara Knite",
      "imdbUrl": "http://www.imdb.com/name/nm1783582/"
    }
  },
  {
    "name": "Anguy",
    "imdbUrl": "http://www.imdb.com/character/ch0316930/",
    "screentime": 5,
    "episodes": 6,
    "portrayedBy": {
      "name": "Philip McGinley",
      "imdbUrl": "http://www.imdb.com/name/nm1528121/"
    }
  },
  {
    "name": "Greatjon Umber",
    "imdbUrl": "http://www.imdb.com/character/ch0305010/",
    "screentime": 5,
    "episodes": 3,
    "portrayedBy": {
      "name": "Clive Mantle",
      "imdbUrl": "http://www.imdb.com/name/nm0544139/"
    }
  },
  {
    "name": "Lothar Frey",
    "imdbUrl": "http://www.imdb.com/character/ch0384471/",
    "screentime": 5,
    "episodes": 7,
    "portrayedBy": {
      "name": "Tom Brooke",
      "imdbUrl": "http://www.imdb.com/name/nm1623508/"
    }
  },
  {
    "name": "Vala",
    "imdbUrl": "http://www.imdb.com/character/ch0539344/",
    "screentime": 5,
    "episodes": 3,
    "portrayedBy": {
      "name": "Meena Rayann",
      "imdbUrl": "http://www.imdb.com/name/nm5159884/"
    }
  },
  {
    "name": "Shagga",
    "imdbUrl": "http://www.imdb.com/character/ch0305021/",
    "screentime": 5,
    "episodes": 2,
    "portrayedBy": {
      "name": "Mark Lewis Jones",
      "imdbUrl": "http://www.imdb.com/name/nm0428765/"
    }
  },
  {
    "name": "Ser Dontos Hollard",
    "imdbUrl": "http://www.imdb.com/character/ch0305031/",
    "screentime": 4.45,
    "episodes": 4,
    "portrayedBy": {
      "name": "Tony Way",
      "imdbUrl": "http://www.imdb.com/name/nm0915453/"
    }
  },
  {
    "name": "Black Walder Rivers",
    "imdbUrl": "http://www.imdb.com/character/ch0014591/",
    "screentime": 4.45,
    "episodes": 7,
    "portrayedBy": {
      "name": "Bryan McCaugherty",
      "imdbUrl": "http://www.imdb.com/name/nm0565472/"
    }
  },
  {
    "name": "Lyanna Mormont",
    "imdbUrl": "http://www.imdb.com/character/ch0541884/",
    "screentime": 4.3,
    "episodes": 3,
    "portrayedBy": {
      "name": "Bella Ramsey",
      "imdbUrl": "http://www.imdb.com/name/nm8165602/"
    }
  },
  {
    "name": "Mossador",
    "imdbUrl": "http://www.imdb.com/character/ch0508053/",
    "screentime": 4.3,
    "episodes": 3,
    "portrayedBy": {
      "name": "Reece Noi",
      "imdbUrl": "http://www.imdb.com/name/nm0634139/"
    }
  },
  {
    "name": "Pyat Pree",
    "imdbUrl": "http://www.imdb.com/character/ch0303952/",
    "screentime": 4.3,
    "episodes": 3,
    "portrayedBy": {
      "name": "Ian Hanmore",
      "imdbUrl": "http://www.imdb.com/name/nm0360171/"
    }
  },
  {
    "name": "Leaf",
    "imdbUrl": "http://www.imdb.com/character/ch0467999/",
    "screentime": 4.15,
    "episodes": 4,
    "portrayedBy": {
      "name": "Octavia Selena Alexandru",
      "imdbUrl": "http://www.imdb.com/name/nm3238466/"
    }
  },
  {
    "name": "Walda Bolton",
    "imdbUrl": "http://www.imdb.com/character/ch0506401/",
    "screentime": 4,
    "episodes": 5,
    "portrayedBy": {
      "name": "Elizabeth Webster",
      "imdbUrl": "http://www.imdb.com/name/nm3531913/"
    }
  },
  {
    "name": "Randyll Tarly",
    "imdbUrl": "http://www.imdb.com/character/ch0524408/",
    "screentime": 4,
    "episodes": "unspecified",
    "portrayedBy": {
      "name": "James Faulkner",
      "imdbUrl": "http://www.imdb.com/name/nm0269077/"
    }
  },
  {
    "name": "Malko",
    "imdbUrl": "http://www.imdb.com/character/ch0519184/",
    "screentime": 4,
    "episodes": 2,
    "portrayedBy": {
      "name": "Adewale Akinnuoye-Agbaje",
      "imdbUrl": "http://www.imdb.com/name/nm0015382/"
    }
  },
  {
    "name": "Trystane Martell",
    "imdbUrl": "http://www.imdb.com/character/ch0506400/",
    "screentime": 3.45,
    "episodes": 5,
    "portrayedBy": {
      "name": "Toby Sebastian",
      "imdbUrl": "http://www.imdb.com/name/nm4514519/"
    }
  },
  {
    "name": "Areo Hotah",
    "imdbUrl": "http://www.imdb.com/character/ch0507107/",
    "screentime": 3.45,
    "episodes": 5,
    "portrayedBy": {
      "name": "Deobia Oparei",
      "imdbUrl": "http://www.imdb.com/name/nm0649046/"
    }
  },
  {
    "name": "Aeron Greyjoy",
    "imdbUrl": "http://www.imdb.com/character/ch0540081/",
    "screentime": 3.45,
    "episodes": 2,
    "portrayedBy": {
      "name": "Michael Feast",
      "imdbUrl": "http://www.imdb.com/name/nm0269923/"
    }
  },
  {
    "name": "Loboda",
    "imdbUrl": "http://www.imdb.com/character/ch0511931/",
    "screentime": 3.45,
    "episodes": "unspecified",
    "portrayedBy": {
      "name": "Zachary Baharov",
      "imdbUrl": "http://www.imdb.com/name/nm1707712/"
    }
  },
  {
    "name": "Melessa Tarly",
    "imdbUrl": "http://www.imdb.com/character/ch0541191/",
    "screentime": 3.3,
    "episodes": "unspecified",
    "portrayedBy": {
      "name": "Samantha Spiro",
      "imdbUrl": "http://www.imdb.com/name/nm0819087/"
    }
  },
  {
    "name": "Amory Lorch",
    "imdbUrl": "http://www.imdb.com/character/ch0305002/",
    "screentime": 3.3,
    "episodes": 4,
    "portrayedBy": {
      "name": "Fintan McKeown",
      "imdbUrl": "http://www.imdb.com/name/nm0571654/"
    }
  },
  {
    "name": "Illyrio Mopatis",
    "imdbUrl": "http://www.imdb.com/character/ch0172909/",
    "screentime": 3.3,
    "episodes": 2,
    "portrayedBy": {
      "name": "Roger Allam",
      "imdbUrl": "http://www.imdb.com/name/nm0019885/"
    }
  },
  {
    "name": "Smalljon Umber",
    "imdbUrl": "http://www.imdb.com/character/ch0540067/",
    "screentime": 3.3,
    "episodes": 2,
    "portrayedBy": {
      "name": "Dean S. Jagger",
      "imdbUrl": "http://www.imdb.com/name/nm2746504/"
    }
  },
  {
    "name": "Bowen Marsh",
    "imdbUrl": "http://www.imdb.com/character/ch0305036/",
    "screentime": 3.3,
    "episodes": 9,
    "portrayedBy": {
      "name": "Brian Fortune",
      "imdbUrl": "http://www.imdb.com/name/nm1987270/"
    }
  },
  {
    "name": "Tycho Nestoris",
    "imdbUrl": "http://www.imdb.com/character/ch0468190/",
    "screentime": 3.15,
    "episodes": 2,
    "portrayedBy": {
      "name": "Mark Gatiss",
      "imdbUrl": "http://www.imdb.com/name/nm0309693/"
    }
  },
  {
    "name": "Kovarro",
    "imdbUrl": "http://www.imdb.com/character/ch0304969/",
    "screentime": 3.15,
    "episodes": 6,
    "portrayedBy": {
      "name": "Steven Cole",
      "imdbUrl": "http://www.imdb.com/name/nm0170799/"
    }
  },
  {
    "name": "Maester Cressen",
    "imdbUrl": "http://www.imdb.com/character/ch0255280/",
    "screentime": 3.15,
    "episodes": "unspecified",
    "portrayedBy": {
      "name": "Oliver Ford Davies",
      "imdbUrl": "http://www.imdb.com/name/nm0203882/"
    }
  },
  {
    "name": "Robett Glover",
    "imdbUrl": "http://www.imdb.com/character/ch0541747/",
    "screentime": 3,
    "episodes": "unspecified",
    "portrayedBy": {
      "name": "Tim McInnerny",
      "imdbUrl": "http://www.imdb.com/name/nm0570570/"
    }
  },
  {
    "name": "Hallyne",
    "imdbUrl": "http://www.imdb.com/character/ch0259178/",
    "screentime": 3,
    "episodes": 2,
    "portrayedBy": {
      "name": "Roy Dotrice",
      "imdbUrl": "http://www.imdb.com/name/nm0234541/"
    }
  },
  {
    "name": "High Priestess",
    "imdbUrl": "http://www.imdb.com/character/ch0539898/",
    "screentime": 3,
    "episodes": 2,
    "portrayedBy": {
      "name": "Souad Faress",
      "imdbUrl": "http://www.imdb.com/name/nm0267256/"
    }
  },
  {
    "name": "Vardis Egen",
    "imdbUrl": "http://www.imdb.com/character/ch0294458/",
    "screentime": 3,
    "episodes": 2,
    "portrayedBy": {
      "name": "Brendan McCormack",
      "imdbUrl": "http://www.imdb.com/name/nm1788152/"
    }
  },
  {
    "name": "Marillion",
    "imdbUrl": "http://www.imdb.com/character/ch0305001/",
    "screentime": 3,
    "episodes": 4,
    "portrayedBy": {
      "name": "Emun Elliott",
      "imdbUrl": "http://www.imdb.com/name/nm2047170/"
    }
  },
  {
    "name": "Mero",
    "imdbUrl": "http://www.imdb.com/character/ch0123670/",
    "screentime": 3,
    "episodes": "unspecified",
    "portrayedBy": {
      "name": "Mark Killeen",
      "imdbUrl": "http://www.imdb.com/name/nm2075330/"
    }
  },
  {
    "name": "Marei",
    "imdbUrl": "http://www.imdb.com/character/ch0431527/",
    "screentime": 3,
    "episodes": 6,
    "portrayedBy": {
      "name": "Josephine Gillan",
      "imdbUrl": "http://www.imdb.com/name/nm4982706/"
    }
  },
  {
    "name": "Izembaro",
    "imdbUrl": "http://www.imdb.com/character/ch0540561/",
    "screentime": 2.45,
    "episodes": 3,
    "portrayedBy": {
      "name": "Richard E. Grant",
      "imdbUrl": "http://www.imdb.com/name/nm0001290/"
    }
  },
  {
    "name": "Lommy Greenhands",
    "imdbUrl": "http://www.imdb.com/character/ch0257030/",
    "screentime": 2.45,
    "episodes": 4,
    "portrayedBy": {
      "name": "Eros Vlahos",
      "imdbUrl": "http://www.imdb.com/name/nm2869309/"
    }
  },
  {
    "name": "Old Nan",
    "imdbUrl": "http://www.imdb.com/character/ch0305018/",
    "screentime": 2.45,
    "episodes": 4,
    "portrayedBy": {
      "name": "Margaret John",
      "imdbUrl": "http://www.imdb.com/name/nm0424191/"
    }
  },
  {
    "name": "Joyeuse Erenford",
    "imdbUrl": "http://www.imdb.com/character/ch0304494/",
    "screentime": 2.45,
    "episodes": 2,
    "portrayedBy": {
      "name": "Kelly Long",
      "imdbUrl": "http://www.imdb.com/name/nm4958677/"
    }
  },
  {
    "name": "Mord",
    "imdbUrl": "http://www.imdb.com/character/ch0229099/",
    "screentime": 2.45,
    "episodes": 2,
    "portrayedBy": {
      "name": "Ciaran Bermingham",
      "imdbUrl": "http://www.imdb.com/name/nm2197118/"
    }
  },
  {
    "name": "Waymar Royce",
    "imdbUrl": "http://www.imdb.com/character/ch0171390/",
    "screentime": 2.45,
    "episodes": "unspecified",
    "portrayedBy": {
      "name": "Rob Ostlere",
      "imdbUrl": "http://www.imdb.com/name/nm3209935/"
    }
  },
  {
    "name": "Kinvara",
    "imdbUrl": "http://www.imdb.com/character/ch0540065/",
    "screentime": 2.3,
    "episodes": "unspecified",
    "portrayedBy": {
      "name": "Ania Bukstein",
      "imdbUrl": "http://www.imdb.com/name/nm0119804/"
    }
  },
  {
    "name": "Talla Tarly",
    "imdbUrl": "http://www.imdb.com/character/ch0523897/",
    "screentime": 2.3,
    "episodes": "unspecified",
    "portrayedBy": {
      "name": "Rebecca Benson",
      "imdbUrl": "http://www.imdb.com/name/nm5039410/"
    }
  },
  {
    "name": "Daisy",
    "imdbUrl": "http://www.imdb.com/character/ch0305015/",
    "screentime": 2.3,
    "episodes": 3,
    "portrayedBy": {
      "name": "Maisie Dee",
      "imdbUrl": "http://www.imdb.com/name/nm3996678/"
    }
  },
  {
    "name": "Gared",
    "imdbUrl": "http://www.imdb.com/character/ch0171395/",
    "screentime": 2.3,
    "episodes": "unspecified",
    "portrayedBy": {
      "name": "Dermot Keaney",
      "imdbUrl": "http://www.imdb.com/name/nm0443825/"
    }
  },
  {
    "name": "Ilyn Payne",
    "imdbUrl": "http://www.imdb.com/character/ch0246254/",
    "screentime": 2.15,
    "episodes": 4,
    "portrayedBy": {
      "name": "Wilko Johnson",
      "imdbUrl": "http://www.imdb.com/name/nm3330122/"
    }
  },
  {
    "name": "Roslin Frey",
    "imdbUrl": "http://www.imdb.com/character/ch0391563/",
    "screentime": 2.15,
    "episodes": "unspecified",
    "portrayedBy": {
      "name": "Alexandra Dowling",
      "imdbUrl": "http://www.imdb.com/name/nm5093301/"
    }
  },
  {
    "name": "Ternesio Terys",
    "imdbUrl": "http://www.imdb.com/character/ch0473552/",
    "screentime": 2,
    "episodes": 2,
    "portrayedBy": {
      "name": "Gary Oliver",
      "imdbUrl": "http://www.imdb.com/name/nm1146807/"
    }
  },
  {
    "name": "Quaithe",
    "imdbUrl": "http://www.imdb.com/character/ch0305022/",
    "screentime": 1.45,
    "episodes": 2,
    "portrayedBy": {
      "name": "Laura Pradelska",
      "imdbUrl": "http://www.imdb.com/name/nm3671418/"
    }
  },
  {
    "name": "Hugh of the Vale",
    "imdbUrl": "http://www.imdb.com/character/ch0305026/",
    "screentime": 1.45,
    "episodes": 2,
    "portrayedBy": {
      "name": "Jefferson Hall",
      "imdbUrl": "http://www.imdb.com/name/nm2131630/"
    }
  },
  {
    "name": "Rorge",
    "imdbUrl": "http://www.imdb.com/character/ch0305019/",
    "screentime": 1.45,
    "episodes": 4,
    "portrayedBy": {
      "name": "Andy Beckwith",
      "imdbUrl": "http://www.imdb.com/name/nm0065874/"
    }
  },
  {
    "name": "Tickler",
    "imdbUrl": "http://www.imdb.com/character/ch0305033/",
    "screentime": 1.45,
    "episodes": 2,
    "portrayedBy": {
      "name": "Anthony Morris",
      "imdbUrl": "http://www.imdb.com/name/nm1677757/"
    }
  },
  {
    "name": "Lollys Stokeworth",
    "imdbUrl": "http://www.imdb.com/character/ch0511247/",
    "screentime": 1.45,
    "episodes": "unspecified",
    "portrayedBy": {
      "name": "Elizabeth Cadwallader",
      "imdbUrl": "http://www.imdb.com/name/nm5502252/"
    }
  },
  {
    "name": "Mhaegen",
    "imdbUrl": "http://www.imdb.com/character/ch0305038/",
    "screentime": 1.15,
    "episodes": 2,
    "portrayedBy": {
      "name": "Antonia Christophers",
      "imdbUrl": "http://www.imdb.com/name/nm4460936/"
    }
  },
  {
    "name": "Biter",
    "imdbUrl": "http://www.imdb.com/character/ch0305028/",
    "screentime": 1.15,
    "episodes": 5,
    "portrayedBy": {
      "name": "Gerard Jordan",
      "imdbUrl": "http://www.imdb.com/name/nm0429956/"
    }
  },
  {
    "name": "Lhara",
    "imdbUrl": "http://www.imdb.com/character/ch0476558/",
    "screentime": 1.15,
    "episodes": 3,
    "portrayedBy": {
      "name": "Sarine Sofair",
      "imdbUrl": "http://www.imdb.com/name/nm3330066/"
    }
  },
  {
    "name": "Tobho Mott",
    "imdbUrl": "http://www.imdb.com/character/ch0305039/",
    "screentime": 1.15,
    "episodes": 2,
    "portrayedBy": {
      "name": "Andrew Wilde",
      "imdbUrl": "http://www.imdb.com/name/nm0928408/"
    }
  }
]
