[
    {
        "label": "1900–2015",
        "domain": [
            1900,
            2015
        ],
        "selected": [],
        "copy": "The total prison population has steadily increased over the past hundred years"
    },
    {
        "label": "1900–1930",
        "domain": [
            1900,
            1930
        ],
        "selected": {
          "range": [1914, 1918]
        },
        "copy": "Prison numbers fall, and then – as men return from the battlefields of the First World War – start to rise to new heights."
    },
    {
        "label": "1930–1960",
        "domain": [
            1930,
            1960
        ],
        "selected": {
          "range": [1939, 1945]
        },
        "copy": "The number of people behind bars remains broadly stable, but again starts to rise as men are demobbed after the Second World War."
    },
    {
        "label": "1960–1990",
        "domain": [
            1960,
            1990
        ],
        "selected": [],
        "copy": "A consumer society has now fully arrived, and with it more goods to tempt thieves, robbers and burglars, resulting in a steady rise in the criminal population."
    },
    {
        "label": "1990–2015",
        "domain": [
            1990,
            2015
        ],
        "selected": [
          1993
        ],
        "copy": "The penal system becomes the latest battleground for the Conservatives and Labour – particularly after the 1993 murder of James Bulger – which helps drive up the jail population."
    }
]
