[{
  "party": "Conservatives",
  "2010": 306,
  "2015": 330
},
{
  "party": "Labour Party",
  "2010": 258,
  "2015": 232
},
{
  "party": "Liberal Democrats",
  "2010": 57,
  "2015": 8
},
{
  "party": "Ukip",
  "2010": 0,
  "2015": 1
},
{
  "party": "Scottish National Party",
  "2010": 6,
  "2015": 56
},
{
  "party": "Green Party",
  "2010": 1,
  "2015": 1
},
{
  "party": "Sinn Féin",
  "2010": 5,
  "2015": 4
},
{
  "party": "Democratic Unionist Party",
  "2010": 8,
  "2015": 8
},
{
  "party": "Plaid Cymru",
  "2010": 3,
  "2015": 3
},
{
  "party": "Ulster Unionist Party",
  "2010": 0,
  "2015": 2
},
{
  "party": "Social Democratic & Labour Party",
  "2010": 0,
  "2015": 3
}
]
