[{"itemLabel":"Lysa Arryn","fatherLabel":"Hoster Tully"},{"itemLabel":"Victarion Greyjoy","fatherLabel":"Quellon Greyjoy"},{"itemLabel":"Loras Tyrell","fatherLabel":"Mace Tyrell"},{"itemLabel":"Ramsay Snow","fatherLabel":"Roose Bolton"},{"itemLabel":"Tommen Baratheon","fatherLabel":"Jaime Lannister"},{"itemLabel":"Aerys II Targaryen","fatherLabel":"Jaehaerys II Targaryen"},{"itemLabel":"Benjen Stark","fatherLabel":"Rickard Stark"},{"itemLabel":"Talla Tarly","fatherLabel":"Randyll Tarly"},{"itemLabel":"Shireen Baratheon","fatherLabel":"Stannis Baratheon"},{"itemLabel":"Maron Greyjoy","fatherLabel":"Balon Greyjoy"},{"itemLabel":"Edmure Tully","fatherLabel":"Hoster Tully"},{"itemLabel":"Jaehaerys II Targaryen","fatherLabel":"Aegon V Targaryen"},{"itemLabel":"Mace Tyrell","fatherLabel":"Luthor Tyrell"},{"itemLabel":"Melessa Tarly","fatherLabel":"Alester Florent"},{"itemLabel":"Rodrik Greyjoy","fatherLabel":"Balon Greyjoy"},{"itemLabel":"Kevan Lannister","fatherLabel":"Tytos Lannister"},{"itemLabel":"Eddard Stark","fatherLabel":"Rickard Stark"},{"itemLabel":"Theon Greyjoy","fatherLabel":"Balon Greyjoy"},{"itemLabel":"Daenerys Targaryen","fatherLabel":"Aerys II Targaryen"},{"itemLabel":"Sansa Stark","fatherLabel":"Eddard Stark"},{"itemLabel":"Arya Stark","fatherLabel":"Eddard Stark"},{"itemLabel":"Samwell Tarly","fatherLabel":"Randyll Tarly"},{"itemLabel":"Stannis Baratheon","fatherLabel":"Steffon Baratheon"},{"itemLabel":"Joffrey Baratheon","fatherLabel":"Jaime Lannister"},{"itemLabel":"Viserys Targaryen","fatherLabel":"Aerys II Targaryen"},{"itemLabel":"Rickon Stark","fatherLabel":"Eddard Stark"},{"itemLabel":"Robb Stark","fatherLabel":"Eddard Stark"},{"itemLabel":"Renly Baratheon","fatherLabel":"Steffon Baratheon"},{"itemLabel":"Illyrio Mopatis"},{"itemLabel":"Barristan Selmy"},{"itemLabel":"Davos Seaworth"},{"itemLabel":"Khal Drogo"},{"itemLabel":"Shae"},{"itemLabel":"Janos Slynt"},{"itemLabel":"Roose Bolton"},{"itemLabel":"Myrcella Baratheon","fatherLabel":"Jaime Lannister"},{"itemLabel":"Alannys Greyjoy"},{"itemLabel":"Betha Blackwood"},{"itemLabel":"Joanna Lannister"},{"itemLabel":"Leyton Hightower"},{"itemLabel":"Randyll Tarly"},{"itemLabel":"Rhea Florent"},{"itemLabel":"Rickard Stark"},{"itemLabel":"Melisandre"},{"itemLabel":"Asha Greyjoy","fatherLabel":"Balon Greyjoy"},{"itemLabel":"Oberyn Martell"},{"itemLabel":"Aegon V Targaryen"},{"itemLabel":"Alester Florent"},{"itemLabel":"Axell Florent"},{"itemLabel":"Bethany Bolton"},{"itemLabel":"Hoster Tully"},{"itemLabel":"Lady of House Sunderly"},{"itemLabel":"Luthor Tyrell"},{"itemLabel":"Lyarra Stark"},{"itemLabel":"Mariya Darry"},{"itemLabel":"Minisa Tully"},{"itemLabel":"Quellon Greyjoy"},{"itemLabel":"Varys"},{"itemLabel":"Petyr Baelish"},{"itemLabel":"Jeor Mormont"},{"itemLabel":"Delena Florent"},{"itemLabel":"Olenna Tyrell"},{"itemLabel":"Ormund Baratheon"},{"itemLabel":"Ryam Florent"},{"itemLabel":"Selwyn Tarth"},{"itemLabel":"Rhaegar Targaryen","fatherLabel":"Aerys II Targaryen"},{"itemLabel":"Sandor Clegane"},{"itemLabel":"Aeron Greyjoy","fatherLabel":"Quellon Greyjoy"},{"itemLabel":"Jaqen H'ghar"},{"itemLabel":"Beric Dondarrion"},{"itemLabel":"Ygritte"},{"itemLabel":"Edric Storm","fatherLabel":"Robert Baratheon"},{"itemLabel":"Jon Arryn"},{"itemLabel":"Jeyne Lannister"},{"itemLabel":"Melara Florent"},{"itemLabel":"Tytos Lannister"},{"itemLabel":"Dickon Tarly","fatherLabel":"Randyll Tarly"},{"itemLabel":"Lancel Lannister","fatherLabel":"Kevan Lannister"},{"itemLabel":"Lynesse Hightower","fatherLabel":"Leyton Hightower"},{"itemLabel":"Domeric Bolton","fatherLabel":"Roose Bolton"},{"itemLabel":"Alerie Tyrell","fatherLabel":"Leyton Hightower"},{"itemLabel":"Lyanna Stark","fatherLabel":"Rickard Stark"},{"itemLabel":"Amerei Frey","fatherLabel":"Merrett Frey"},{"itemLabel":"Balon Greyjoy","fatherLabel":"Quellon Greyjoy"},{"itemLabel":"Merrett Frey","fatherLabel":"Walder Frey"},{"itemLabel":"Rhaelle Targaryen","fatherLabel":"Aegon V Targaryen"},{"itemLabel":"Shaera Targaryen","fatherLabel":"Aegon V Targaryen"},{"itemLabel":"Walda Frey","fatherLabel":"Merrett Frey"},{"itemLabel":"Selyse Baratheon","fatherLabel":"Ryam Florent"},{"itemLabel":"Imry Florent","fatherLabel":"Ryam Florent"},{"itemLabel":"Rhaella Targaryen","fatherLabel":"Jaehaerys II Targaryen"},{"itemLabel":"Robin Arryn","fatherLabel":"Jon Arryn"},{"itemLabel":"Catelyn Stark-Tully","fatherLabel":"Hoster Tully"},{"itemLabel":"Jon Snow","fatherLabel":"Rhaegar Targaryen"},{"itemLabel":"Jorah Mormont","fatherLabel":"Jeor Mormont"},{"itemLabel":"Bran Stark","fatherLabel":"Eddard Stark"},{"itemLabel":"Cersei Lannister","fatherLabel":"Tywin Lannister"},{"itemLabel":"Robert Baratheon","fatherLabel":"Steffon Baratheon"},{"itemLabel":"Margaery Tyrell","fatherLabel":"Mace Tyrell"},{"itemLabel":"Brienne of Tarth","fatherLabel":"Selwyn Tarth"},{"itemLabel":"Aegon VI Targaryen","fatherLabel":"Rhaegar Targaryen"},{"itemLabel":"Rhaenys Targaryen","fatherLabel":"Rhaegar Targaryen"},{"itemLabel":"Emmon Frey","fatherLabel":"Walder Frey"},{"itemLabel":"Steffon Baratheon","fatherLabel":"Ormund Baratheon"},{"itemLabel":"Willas Tyrell","fatherLabel":"Mace Tyrell"},{"itemLabel":"Jaime Lannister","fatherLabel":"Tywin Lannister"},{"itemLabel":"Tywin Lannister","fatherLabel":"Tytos Lannister"},{"itemLabel":"Bronn"},{"itemLabel":"Podrick Payne"},{"itemLabel":"Cassana Baratheon"},{"itemLabel":"Walder Frey"},{"itemLabel":"Mance Rayder"},{"itemLabel":"Talisa Stark"},{"itemLabel":"Brynden Tully"},{"itemLabel":"Daario Naharis"},{"itemLabel":"Elia Martell"},{"itemLabel":"Hizdahr zo Loraq"},{"itemLabel":"Cleos Frey","fatherLabel":"Emmon Frey"},{"itemLabel":"Garlan Tyrell","fatherLabel":"Mace Tyrell"},{"itemLabel":"Genna Frey","fatherLabel":"Tytos Lannister"},{"itemLabel":"Tyrion Lannister","fatherLabel":"Aerys II Targaryen"}]