[{"itemLabel":"Lysa Arryn","fatherLabel":"Hoster Tully","screentime":16.3,"episodes":5},{"itemLabel":"Victarion Greyjoy","fatherLabel":"Quellon Greyjoy","screentime":0,"episodes":0},{"itemLabel":"Loras Tyrell","fatherLabel":"Mace Tyrell","screentime":33,"episodes":20},{"itemLabel":"Ramsay Snow","fatherLabel":"Roose Bolton","screentime":66,"episodes":20},{"itemLabel":"Tommen Baratheon","fatherLabel":"Jaime Lannister","screentime":43.15,"episodes":24},{"itemLabel":"Aerys II Targaryen","fatherLabel":"Jaehaerys II Targaryen","screentime":0,"episodes":0},{"itemLabel":"Benjen Stark","fatherLabel":"Rickard Stark","screentime":12,"episodes":7},{"itemLabel":"Talla Tarly","fatherLabel":"Randyll Tarly","screentime":2.3,"episodes":"unspecified"},{"itemLabel":"Shireen Baratheon","fatherLabel":"Stannis Baratheon","screentime":18.15,"episodes":10},{"itemLabel":"Maron Greyjoy","fatherLabel":"Balon Greyjoy","screentime":0,"episodes":0},{"itemLabel":"Edmure Tully","fatherLabel":"Hoster Tully","screentime":17.45,"episodes":8},{"itemLabel":"Jaehaerys II Targaryen","fatherLabel":"Aegon V Targaryen","screentime":0,"episodes":0},{"itemLabel":"Mace Tyrell","fatherLabel":"Luthor Tyrell","screentime":11.3,"episodes":13},{"itemLabel":"Melessa Tarly","fatherLabel":"Alester Florent","screentime":3.3,"episodes":"unspecified"},{"itemLabel":"Rodrik Greyjoy","fatherLabel":"Balon Greyjoy","screentime":12.45,"episodes":15},{"itemLabel":"Kevan Lannister","fatherLabel":"Tytos Lannister","screentime":8.3,"episodes":11},{"itemLabel":"Eddard Stark","fatherLabel":"Rickard Stark","screentime":99.45,"episodes":16},{"itemLabel":"Theon Greyjoy","fatherLabel":"Balon Greyjoy","screentime":123.3,"episodes":39},{"itemLabel":"Daenerys Targaryen","fatherLabel":"Aerys II Targaryen","screentime":221.3,"episodes":49},{"itemLabel":"Sansa Stark","fatherLabel":"Eddard Stark","screentime":199.3,"episodes":47},{"itemLabel":"Arya Stark","fatherLabel":"Eddard Stark","screentime":189.15,"episodes":47},{"itemLabel":"Samwell Tarly","fatherLabel":"Randyll Tarly","screentime":121.45,"episodes":37},{"itemLabel":"Stannis Baratheon","fatherLabel":"Steffon Baratheon","screentime":73.15,"episodes":24},{"itemLabel":"Joffrey Baratheon","fatherLabel":"Jaime Lannister","screentime":70.15,"episodes":26},{"itemLabel":"Viserys Targaryen","fatherLabel":"Aerys II Targaryen","screentime":20.3,"episodes":6},{"itemLabel":"Rickon Stark","fatherLabel":"Eddard Stark","screentime":12.45,"episodes":14},{"itemLabel":"Robb Stark","fatherLabel":"Eddard Stark","screentime":77.45,"episodes":21},{"itemLabel":"Renly Baratheon","fatherLabel":"Steffon Baratheon","screentime":24,"episodes":8},{"itemLabel":"Illyrio Mopatis","screentime":3.3,"episodes":2},{"itemLabel":"Barristan Selmy","screentime":37.15,"episodes":25},{"itemLabel":"Davos Seaworth","screentime":89.3,"episodes":29},{"itemLabel":"Khal Drogo","screentime":25,"episodes":10},{"itemLabel":"Shae","screentime":47.15,"episodes":20},{"itemLabel":"Janos Slynt","screentime":14.15,"episodes":15},{"itemLabel":"Roose Bolton","screentime":30.15,"episodes":19},{"itemLabel":"Myrcella Baratheon","fatherLabel":"Jaime Lannister","screentime":11.45,"episodes":12},{"itemLabel":"Alannys Greyjoy","screentime":0,"episodes":0},{"itemLabel":"Betha Blackwood","screentime":0,"episodes":0},{"itemLabel":"Joanna Lannister","screentime":0,"episodes":0},{"itemLabel":"Leyton Hightower","screentime":0,"episodes":0},{"itemLabel":"Randyll Tarly","screentime":4,"episodes":"unspecified"},{"itemLabel":"Rhea Florent","screentime":0,"episodes":0},{"itemLabel":"Rickard Stark","screentime":5.15,"episodes":6},{"itemLabel":"Melisandre","screentime":65.45,"episodes":26},{"itemLabel":"Asha Greyjoy","fatherLabel":"Balon Greyjoy","screentime":0,"episodes":0},{"itemLabel":"Oberyn Martell","screentime":28.3,"episodes":7},{"itemLabel":"Aegon V Targaryen","screentime":0,"episodes":0},{"itemLabel":"Alester Florent","screentime":0,"episodes":0},{"itemLabel":"Axell Florent","screentime":0,"episodes":0},{"itemLabel":"Bethany Bolton","screentime":0,"episodes":0},{"itemLabel":"Hoster Tully","screentime":0,"episodes":0},{"itemLabel":"Lady of House Sunderly","screentime":10,"episodes":3},{"itemLabel":"Luthor Tyrell","screentime":0,"episodes":0},{"itemLabel":"Lyarra Stark","screentime":0,"episodes":0},{"itemLabel":"Mariya Darry","screentime":0,"episodes":0},{"itemLabel":"Minisa Tully","screentime":0,"episodes":0},{"itemLabel":"Quellon Greyjoy","screentime":0,"episodes":0},{"itemLabel":"Varys","screentime":81.45,"episodes":36},{"itemLabel":"Petyr Baelish","screentime":102.15,"episodes":35},{"itemLabel":"Jeor Mormont","screentime":21,"episodes":12},{"itemLabel":"Delena Florent","screentime":0,"episodes":0},{"itemLabel":"Olenna Tyrell","screentime":38.15,"episodes":16},{"itemLabel":"Ormund Baratheon","screentime":0,"episodes":0},{"itemLabel":"Ryam Florent","screentime":0,"episodes":0},{"itemLabel":"Selwyn Tarth","screentime":0,"episodes":0},{"itemLabel":"Rhaegar Targaryen","fatherLabel":"Aerys II Targaryen","screentime":0,"episodes":0},{"itemLabel":"Sandor Clegane","screentime":72.45,"episodes":29},{"itemLabel":"Aeron Greyjoy","fatherLabel":"Quellon Greyjoy","screentime":3.45,"episodes":2},{"itemLabel":"Jaqen H'ghar","screentime":26.3,"episodes":18},{"itemLabel":"Beric Dondarrion","screentime":11.15,"episodes":6},{"itemLabel":"Ygritte","screentime":51,"episodes":17},{"itemLabel":"Edric Storm","fatherLabel":"Robert Baratheon","screentime":0,"episodes":0},{"itemLabel":"Jon Arryn","screentime":268.15,"episodes":49},{"itemLabel":"Jeyne Lannister","screentime":0,"episodes":0},{"itemLabel":"Melara Florent","screentime":0,"episodes":0},{"itemLabel":"Tytos Lannister","screentime":0,"episodes":0},{"itemLabel":"Dickon Tarly","fatherLabel":"Randyll Tarly","screentime":0,"episodes":0},{"itemLabel":"Lancel Lannister","fatherLabel":"Kevan Lannister","screentime":18.3,"episodes":17},{"itemLabel":"Lynesse Hightower","fatherLabel":"Leyton Hightower","screentime":0,"episodes":0},{"itemLabel":"Domeric Bolton","fatherLabel":"Roose Bolton","screentime":0,"episodes":0},{"itemLabel":"Alerie Tyrell","fatherLabel":"Leyton Hightower","screentime":0,"episodes":0},{"itemLabel":"Lyanna Stark","fatherLabel":"Rickard Stark","screentime":4.3,"episodes":3},{"itemLabel":"Amerei Frey","fatherLabel":"Merrett Frey","screentime":0,"episodes":0},{"itemLabel":"Balon Greyjoy","fatherLabel":"Quellon Greyjoy","screentime":12.15,"episodes":4},{"itemLabel":"Merrett Frey","fatherLabel":"Walder Frey","screentime":0,"episodes":0},{"itemLabel":"Rhaelle Targaryen","fatherLabel":"Aegon V Targaryen","screentime":0,"episodes":0},{"itemLabel":"Shaera Targaryen","fatherLabel":"Aegon V Targaryen","screentime":0,"episodes":0},{"itemLabel":"Walda Frey","fatherLabel":"Merrett Frey","screentime":4,"episodes":5},{"itemLabel":"Selyse Baratheon","fatherLabel":"Ryam Florent","screentime":11,"episodes":11},{"itemLabel":"Imry Florent","fatherLabel":"Ryam Florent","screentime":0,"episodes":0},{"itemLabel":"Rhaella Targaryen","fatherLabel":"Jaehaerys II Targaryen","screentime":0,"episodes":0},{"itemLabel":"Robin Arryn","fatherLabel":"Jon Arryn","screentime":11.15,"episodes":8},{"itemLabel":"Catelyn Stark-Tully","fatherLabel":"Hoster Tully","screentime":82.45,"episodes":26},{"itemLabel":"Jon Snow","fatherLabel":"Rhaegar Targaryen","screentime":268.15,"episodes":49},{"itemLabel":"Jorah Mormont","fatherLabel":"Jeor Mormont","screentime":117.3,"episodes":42},{"itemLabel":"Bran Stark","fatherLabel":"Eddard Stark","screentime":86,"episodes":30},{"itemLabel":"Cersei Lannister","fatherLabel":"Tywin Lannister","screentime":201.45,"episodes":52},{"itemLabel":"Robert Baratheon","fatherLabel":"Steffon Baratheon","screentime":30.3,"episodes":7},{"itemLabel":"Margaery Tyrell","fatherLabel":"Mace Tyrell","screentime":78,"episodes":26},{"itemLabel":"Brienne of Tarth","fatherLabel":"Selwyn Tarth","screentime":89.3,"episodes":32},{"itemLabel":"Aegon VI Targaryen","fatherLabel":"Rhaegar Targaryen","screentime":0,"episodes":0},{"itemLabel":"Rhaenys Targaryen","fatherLabel":"Rhaegar Targaryen","screentime":0,"episodes":0},{"itemLabel":"Emmon Frey","fatherLabel":"Walder Frey","screentime":0,"episodes":0},{"itemLabel":"Steffon Baratheon","fatherLabel":"Ormund Baratheon","screentime":0,"episodes":0},{"itemLabel":"Willas Tyrell","fatherLabel":"Mace Tyrell","screentime":0,"episodes":0},{"itemLabel":"Jaime Lannister","fatherLabel":"Tywin Lannister","screentime":162.3,"episodes":43},{"itemLabel":"Tywin Lannister","fatherLabel":"Tytos Lannister","screentime":78.15,"episodes":27},{"itemLabel":"Bronn","screentime":64,"episodes":29},{"itemLabel":"Podrick Payne","screentime":41.15,"episodes":26},{"itemLabel":"Cassana Baratheon","screentime":0,"episodes":0},{"itemLabel":"Walder Frey","screentime":15.45,"episodes":5},{"itemLabel":"Mance Rayder","screentime":21,"episodes":5},{"itemLabel":"Talisa Stark","screentime":30.45,"episodes":12},{"itemLabel":"Brynden Tully","screentime":16,"episodes":7},{"itemLabel":"Daario Naharis","screentime":46,"episodes":21},{"itemLabel":"Elia Martell","screentime":0,"episodes":0},{"itemLabel":"Hizdahr zo Loraq","screentime":11.45,"episodes":8},{"itemLabel":"Cleos Frey","fatherLabel":"Emmon Frey","screentime":0,"episodes":0},{"itemLabel":"Garlan Tyrell","fatherLabel":"Mace Tyrell","screentime":0,"episodes":0},{"itemLabel":"Genna Frey","fatherLabel":"Tytos Lannister","screentime":0,"episodes":0},{"itemLabel":"Tyrion Lannister","fatherLabel":"Aerys II Targaryen","screentime":293.3,"episodes":54}]