[{"itemLabel":"Illyrio Mopatis","houseGroup":""},{"itemLabel":"Sandor Clegane","houseGroup":""},{"itemLabel":"Varys","houseGroup":""},{"itemLabel":"Petyr Baelish","houseGroup":""},{"itemLabel":"Barristan Selmy","houseGroup":""},{"itemLabel":"Davos Seaworth","houseGroup":""},{"itemLabel":"Khal Drogo","houseGroup":""},{"itemLabel":"Melisandre","houseGroup":""},{"itemLabel":"Jaqen H'ghar","houseGroup":""},{"itemLabel":"Beric Dondarrion","houseGroup":""},{"itemLabel":"Shae","houseGroup":""},{"itemLabel":"Ygritte","houseGroup":""},{"itemLabel":"Janos Slynt","houseGroup":""},{"itemLabel":"Aeron Greyjoy","fatherLabel":"Quellon Greyjoy","houseGroup":""},{"itemLabel":"Talisa Stark","houseGroup":""},{"itemLabel":"Podrick Payne","houseGroup":""},{"itemLabel":"Daario Naharis","houseGroup":""},{"itemLabel":"Joanna Lannister","houseGroup":""},{"itemLabel":"Steffon Baratheon","fatherLabel":"Ormund Baratheon","houseGroup":""},{"itemLabel":"Cassana Baratheon","houseGroup":""},{"itemLabel":"Rhaella Targaryen","fatherLabel":"Jaehaerys II Targaryen","houseGroup":""},{"itemLabel":"Alannys Greyjoy","houseGroup":""},{"itemLabel":"Balon Greyjoy","fatherLabel":"Quellon Greyjoy","houseGroup":""},{"itemLabel":"Mace Tyrell","fatherLabel":"Luthor Tyrell","houseGroup":""},{"itemLabel":"Alerie Tyrell","fatherLabel":"Leyton Hightower","houseGroup":""},{"itemLabel":"Selyse Baratheon","fatherLabel":"Ryam Florent","houseGroup":""},{"itemLabel":"Shireen Baratheon","fatherLabel":"Stannis Baratheon","houseGroup":""},{"itemLabel":"Luthor Tyrell","houseGroup":""},{"itemLabel":"Olenna Tyrell","houseGroup":""},{"itemLabel":"Aegon V Targaryen","houseGroup":""},{"itemLabel":"Tytos Lannister","houseGroup":""},{"itemLabel":"Jeyne Lannister","houseGroup":""},{"itemLabel":"Kevan Lannister","fatherLabel":"Tytos Lannister","houseGroup":""},{"itemLabel":"Rodrik Greyjoy","fatherLabel":"Balon Greyjoy","houseGroup":""},{"itemLabel":"Maron Greyjoy","fatherLabel":"Balon Greyjoy","houseGroup":""},{"itemLabel":"Quellon Greyjoy","houseGroup":""},{"itemLabel":"Lady of House Sunderly","houseGroup":""},{"itemLabel":"Jaehaerys II Targaryen","fatherLabel":"Aegon V Targaryen","houseGroup":""},{"itemLabel":"Shaera Targaryen","fatherLabel":"Aegon V Targaryen","houseGroup":""},{"itemLabel":"Betha Blackwood","houseGroup":""},{"itemLabel":"Rhaelle Targaryen","fatherLabel":"Aegon V Targaryen","houseGroup":""},{"itemLabel":"Ormund Baratheon","houseGroup":""},{"itemLabel":"Leyton Hightower","houseGroup":""},{"itemLabel":"Rhea Florent","houseGroup":""},{"itemLabel":"Edric Storm","fatherLabel":"Robert Baratheon","houseGroup":""},{"itemLabel":"Delena Florent","houseGroup":""},{"itemLabel":"Ryam Florent","houseGroup":""},{"itemLabel":"Imry Florent","fatherLabel":"Ryam Florent","houseGroup":""},{"itemLabel":"Axell Florent","houseGroup":""},{"itemLabel":"Alester Florent","houseGroup":""},{"itemLabel":"Melara Florent","houseGroup":""},{"itemLabel":"Lynesse Hightower","fatherLabel":"Leyton Hightower","houseGroup":""},{"itemLabel":"Bethany Bolton","houseGroup":""},{"itemLabel":"Domeric Bolton","fatherLabel":"Roose Bolton","houseGroup":""},{"itemLabel":"Walda Frey","fatherLabel":"Merrett Frey","houseGroup":""},{"itemLabel":"Mariya Darry","houseGroup":""},{"itemLabel":"Merrett Frey","fatherLabel":"Walder Frey","houseGroup":""},{"itemLabel":"Amerei Frey","fatherLabel":"Merrett Frey","houseGroup":""},{"itemLabel":"Lancel Lannister","fatherLabel":"Kevan Lannister","houseGroup":""},{"itemLabel":"Rhaenys Targaryen","fatherLabel":"Rhaegar Targaryen","houseGroup":""},{"itemLabel":"Elia Martell","houseGroup":""},{"itemLabel":"Aegon VI Targaryen","fatherLabel":"Rhaegar Targaryen","houseGroup":""},{"itemLabel":"Willas Tyrell","fatherLabel":"Mace Tyrell","houseGroup":""},{"itemLabel":"Garlan Tyrell","fatherLabel":"Mace Tyrell","houseGroup":""},{"itemLabel":"Brynden Tully","houseGroup":""},{"itemLabel":"Genna Frey","fatherLabel":"Tytos Lannister","houseGroup":""},{"itemLabel":"Walder Frey","houseGroup":""},{"itemLabel":"Emmon Frey","fatherLabel":"Walder Frey","houseGroup":""},{"itemLabel":"Cleos Frey","fatherLabel":"Emmon Frey","houseGroup":""},{"itemLabel":"Hizdahr zo Loraq","houseGroup":""},{"itemLabel":"Selwyn Tarth","houseGroup":"House Tarth"},{"itemLabel":"Theon Greyjoy","fatherLabel":"Balon Greyjoy","houseGroup":"House Greyjoy, House Greyjoy"},{"itemLabel":"Cersei Lannister","fatherLabel":"Tywin Lannister","houseGroup":"House Baratheon, House Baratheon, House Lannister, House Lannister"},{"itemLabel":"Stannis Baratheon","fatherLabel":"Steffon Baratheon","houseGroup":"House Baratheon, House Baratheon"},{"itemLabel":"Joffrey Baratheon","fatherLabel":"Jaime Lannister","houseGroup":"House Baratheon, House Baratheon, House Lannister, House Lannister"},{"itemLabel":"Margaery Tyrell","fatherLabel":"Mace Tyrell","houseGroup":"House Tyrell, House Tyrell"},{"itemLabel":"Robert Baratheon","fatherLabel":"Steffon Baratheon","houseGroup":"House Baratheon, House Baratheon"},{"itemLabel":"Renly Baratheon","fatherLabel":"Steffon Baratheon","houseGroup":"House Baratheon, House Baratheon"},{"itemLabel":"Loras Tyrell","fatherLabel":"Mace Tyrell","houseGroup":"House Tyrell, House Tyrell"},{"itemLabel":"Oberyn Martell","houseGroup":"House Martell, House Martell"},{"itemLabel":"Lysa Arryn","fatherLabel":"Hoster Tully","houseGroup":"House Arryn, House Arryn, House Tully, House Tully"},{"itemLabel":"Jon Arryn","houseGroup":"House Arryn"},{"itemLabel":"Tommen Baratheon","fatherLabel":"Jaime Lannister","houseGroup":"House Baratheon, House Baratheon, House Lannister, House Lannister"},{"itemLabel":"Myrcella Baratheon","fatherLabel":"Jaime Lannister","houseGroup":"House Baratheon, House Baratheon, House Lannister, House Lannister"},{"itemLabel":"Asha Greyjoy","fatherLabel":"Balon Greyjoy","houseGroup":"House Greyjoy, House Greyjoy"},{"itemLabel":"Victarion Greyjoy","fatherLabel":"Quellon Greyjoy","houseGroup":"House Greyjoy"},{"itemLabel":"Robin Arryn","fatherLabel":"Jon Arryn","houseGroup":"House Arryn"},{"itemLabel":"Daenerys Targaryen","fatherLabel":"Aerys II Targaryen","houseGroup":"House Targaryen, House Targaryen"},{"itemLabel":"Catelyn Stark-Tully","fatherLabel":"Hoster Tully","houseGroup":"House Tully, House Tully, House Stark, House Stark"},{"itemLabel":"Jon Snow","fatherLabel":"Rhaegar Targaryen","houseGroup":"House Targaryen, House Targaryen, House Stark, House Stark"},{"itemLabel":"Viserys Targaryen","fatherLabel":"Aerys II Targaryen","houseGroup":"House Targaryen, House Targaryen"},{"itemLabel":"Aerys II Targaryen","fatherLabel":"Jaehaerys II Targaryen","houseGroup":"House Targaryen"},{"itemLabel":"Rhaegar Targaryen","fatherLabel":"Aerys II Targaryen","houseGroup":"House Targaryen"},{"itemLabel":"Hoster Tully","houseGroup":"House Tully"},{"itemLabel":"Minisa Tully","houseGroup":"House Tully"},{"itemLabel":"Edmure Tully","fatherLabel":"Hoster Tully","houseGroup":"House Tully"},{"itemLabel":"Eddard Stark","fatherLabel":"Rickard Stark","houseGroup":"House Stark, House Stark"},{"itemLabel":"Sansa Stark","fatherLabel":"Eddard Stark","houseGroup":"House Stark, House Stark, House Lannister, House Lannister"},{"itemLabel":"Arya Stark","fatherLabel":"Eddard Stark","houseGroup":"House Stark, House Stark"},{"itemLabel":"Bran Stark","fatherLabel":"Eddard Stark","houseGroup":"House Stark, House Stark"},{"itemLabel":"Rickon Stark","fatherLabel":"Eddard Stark","houseGroup":"House Stark, House Stark"},{"itemLabel":"Robb Stark","fatherLabel":"Eddard Stark","houseGroup":"House Stark, House Stark"},{"itemLabel":"Lyarra Stark","houseGroup":"House Stark"},{"itemLabel":"Rickard Stark","houseGroup":"House Stark"},{"itemLabel":"Benjen Stark","fatherLabel":"Rickard Stark","houseGroup":"House Stark"},{"itemLabel":"Lyanna Stark","fatherLabel":"Rickard Stark","houseGroup":"House Stark"},{"itemLabel":"Jorah Mormont","fatherLabel":"Jeor Mormont","houseGroup":"House Mormont, House Mormont"},{"itemLabel":"Brienne of Tarth","fatherLabel":"Selwyn Tarth","houseGroup":"House Tarth, House Tarth"},{"itemLabel":"Samwell Tarly","fatherLabel":"Randyll Tarly","houseGroup":"House Tarly, House Tarly"},{"itemLabel":"Jeor Mormont","houseGroup":"House Mormont, House Mormont"},{"itemLabel":"Ramsay Snow","fatherLabel":"Roose Bolton","houseGroup":"House Bolton, House Bolton"},{"itemLabel":"Roose Bolton","houseGroup":"House Bolton, House Bolton"},{"itemLabel":"Randyll Tarly","houseGroup":"House Tarly"},{"itemLabel":"Melessa Tarly","fatherLabel":"Alester Florent","houseGroup":"House Tarly"},{"itemLabel":"Talla Tarly","fatherLabel":"Randyll Tarly","houseGroup":"House Tarly"},{"itemLabel":"Dickon Tarly","fatherLabel":"Randyll Tarly","houseGroup":"House Tarly"}]