[{"itemLabel":"Eddard Stark","fatherLabel":"Rickard Stark","houseLabel":"House Stark"},{"itemLabel":"Theon Greyjoy","fatherLabel":"Balon Greyjoy","houseLabel":"House Greyjoy"},{"itemLabel":"Daenerys Targaryen","fatherLabel":"Aerys II Targaryen","houseLabel":"House Targaryen"},{"itemLabel":"Catelyn Stark-Tully","fatherLabel":"Hoster Tully","houseLabel":"House Tully"},{"itemLabel":"Catelyn Stark-Tully","fatherLabel":"Hoster Tully","houseLabel":"House Stark"},{"itemLabel":"Jon Snow","fatherLabel":"Rhaegar Targaryen","houseLabel":"House Targaryen"},{"itemLabel":"Jon Snow","fatherLabel":"Rhaegar Targaryen","houseLabel":"House Stark"},{"itemLabel":"Sansa Stark","fatherLabel":"Eddard Stark","houseLabel":"House Stark"},{"itemLabel":"Sansa Stark","fatherLabel":"Eddard Stark","houseLabel":"House Lannister"},{"itemLabel":"Arya Stark","fatherLabel":"Eddard Stark","houseLabel":"House Stark"},{"itemLabel":"Bran Stark","fatherLabel":"Eddard Stark","houseLabel":"House Stark"},{"itemLabel":"Cersei Lannister","fatherLabel":"Tywin Lannister","houseLabel":"House Baratheon"},{"itemLabel":"Cersei Lannister","fatherLabel":"Tywin Lannister","houseLabel":"House Lannister"},{"itemLabel":"Jorah Mormont","fatherLabel":"Jeor Mormont","houseLabel":"House Mormont"},{"itemLabel":"Brienne of Tarth","fatherLabel":"Selwyn Tarth","houseLabel":"House Tarth"},{"itemLabel":"Samwell Tarly","fatherLabel":"Randyll Tarly","houseLabel":"House Tarly"},{"itemLabel":"Stannis Baratheon","fatherLabel":"Steffon Baratheon","houseLabel":"House Baratheon"},{"itemLabel":"Rickon Stark","fatherLabel":"Eddard Stark","houseLabel":"House Stark"},{"itemLabel":"Joffrey Baratheon","fatherLabel":"Jaime Lannister","houseLabel":"House Baratheon"},{"itemLabel":"Joffrey Baratheon","fatherLabel":"Jaime Lannister","houseLabel":"House Lannister"},{"itemLabel":"Margaery Tyrell","fatherLabel":"Mace Tyrell","houseLabel":"House Tyrell"},{"itemLabel":"Viserys Targaryen","fatherLabel":"Aerys II Targaryen","houseLabel":"House Targaryen"},{"itemLabel":"Robb Stark","fatherLabel":"Eddard Stark","houseLabel":"House Stark"},{"itemLabel":"Robert Baratheon","fatherLabel":"Steffon Baratheon","houseLabel":"House Baratheon"},{"itemLabel":"Renly Baratheon","fatherLabel":"Steffon Baratheon","houseLabel":"House Baratheon"},{"itemLabel":"Loras Tyrell","fatherLabel":"Mace Tyrell","houseLabel":"House Tyrell"},{"itemLabel":"Lysa Arryn","fatherLabel":"Hoster Tully","houseLabel":"House Arryn"},{"itemLabel":"Lysa Arryn","fatherLabel":"Hoster Tully","houseLabel":"House Tully"},{"itemLabel":"Tommen Baratheon","fatherLabel":"Jaime Lannister","houseLabel":"House Baratheon"},{"itemLabel":"Tommen Baratheon","fatherLabel":"Jaime Lannister","houseLabel":"House Lannister"},{"itemLabel":"Ramsay Snow","fatherLabel":"Roose Bolton","houseLabel":"House Bolton"},{"itemLabel":"Myrcella Baratheon","fatherLabel":"Jaime Lannister","houseLabel":"House Baratheon"},{"itemLabel":"Myrcella Baratheon","fatherLabel":"Jaime Lannister","houseLabel":"House Lannister"},{"itemLabel":"Asha Greyjoy","fatherLabel":"Balon Greyjoy","houseLabel":"House Greyjoy"}]